,pdb,Hchain,Lchain,antigen_chain
0,1a14,H,L,N
1,1a2y,B,A,C
2,1adq,H,L,A
3,1afv,H,L,A
4,1ahw,B,A,C
6,1ar1,C,D,B
7,1bj1,H,L,W
9,1bql,H,L,Y
10,1bvk,B,A,C
16,1c08,B,A,C
17,1cic,B,A,D
19,1cz8,H,L,W
21,1dqj,B,A,C
22,1dvf,B,A,D
26,1e6j,H,L,P
27,1egj,H,L,A
28,1eo8,H,L,A
29,1ezv,X,Y,E
30,1fbi,H,L,X
32,1fdl,H,L,Y
33,1fe8,H,L,A
36,1fj1,B,A,F
38,1fns,H,L,A
39,1fsk,C,B,A
44,1g7h,B,A,C
45,1g7i,B,A,C
46,1g7j,B,A,C
47,1g7l,B,A,C
48,1g7m,B,A,C
49,1g9m,H,L,G
50,1g9n,H,L,G
51,1gc1,H,L,G
52,1h0d,B,A,C
53,1i9r,H,L,A
56,1iai,H,L,I
58,1ic4,H,L,Y
59,1ic5,H,L,Y
60,1ic7,H,L,Y
61,1igc,H,L,A
62,1iqd,B,A,C
63,1j1o,H,L,Y
64,1j1p,H,L,Y
65,1j1x,H,L,Y
66,1jhl,H,L,A
67,1jps,H,L,T
68,1jrh,H,L,I
74,1k4c,A,B,C
75,1k4d,A,B,C
76,1kb5,H,L,B
78,1ken,T,U,C
80,1kip,B,A,C
81,1kiq,B,A,C
82,1kir,B,A,C
92,1lk3,H,L,A
96,1mhp,H,L,A
98,1mlc,B,A,E
102,1n5y,H,L,B
103,1n6q,H,L,B
104,1n8z,B,A,C
105,1nby,B,A,C
106,1nbz,B,A,C
107,1nca,H,L,N
108,1ncb,H,L,N
109,1ncc,H,L,N
110,1ndg,B,A,C
111,1ndm,B,A,C
112,1nfd,F,E,B
114,1nma,H,L,N
115,1nmb,H,L,N
116,1nmc,B,C,A
118,1nsn,H,L,S
119,1oak,H,L,A
120,1oaz,H,L,A
122,1ob1,A,B,C
125,1orq,B,A,C
126,1ors,B,A,C
127,1osp,H,L,O
128,1ots,C,D,A
130,1ott,C,D,A
132,1otu,C,D,A
134,1p2c,B,A,C
136,1pg7,X,W,H
140,1pkq,G,F,J
142,1qfu,H,L,A
143,1qfw,H,L,A
144,1qfw,I,M,B
145,1qkz,H,L,A
146,1qle,H,L,B
147,1r3i,H,L,C
148,1r3j,B,A,C
149,1r3k,B,A,C
150,1r3l,B,A,C
153,1rjl,B,A,C
154,1rvf,H,L,1
155,1rzj,H,L,G
156,1rzk,H,L,G
157,1s5h,B,A,C
158,1s78,F,E,B
161,1sy6,H,L,A
162,1t03,H,L,B
165,1tpx,B,C,A
166,1tqb,B,C,A
167,1tqc,B,C,A
168,1tzh,H,L,V
170,1tzi,B,A,V
171,1ua6,H,L,Y
172,1uac,H,L,Y
173,1uj3,B,A,C
174,1v7m,H,L,V
176,1v7n,H,L,V
180,1vfb,B,A,C
181,1wej,H,L,F
182,1xgp,B,A,C
183,1xgq,B,A,C
184,1xgr,B,A,C
185,1xgt,B,A,C
186,1xgu,B,A,C
187,1xiw,H,G,E
189,1yjd,H,L,C
190,1ynt,B,A,F
192,1yqv,H,L,Y
193,1yy9,D,C,A
194,1yyl,H,L,G
196,1yym,H,L,G
198,1z3g,H,L,A
200,1za3,H,L,R
203,1ztx,H,L,E
207,1zwi,A,B,C
208,2a0l,F,E,B
210,2adf,H,L,A
211,2aep,H,L,A
212,2aeq,H,L,A
213,2arj,B,A,R
215,2atk,A,B,C
216,2b2x,H,L,A
218,2b4c,H,L,G
219,2bob,A,B,C
220,2boc,A,B,C
224,2cmr,H,L,A
225,2dd8,H,L,S
226,2dqc,H,L,Y
227,2dqd,H,L,Y
228,2dqe,H,L,Y
229,2dqf,B,A,C
231,2dqg,H,L,Y
232,2dqh,H,L,Y
233,2dqi,H,L,Y
234,2dqj,H,L,Y
235,2dwd,A,B,C
236,2dwe,A,B,C
237,2eiz,B,A,C
238,2eks,B,A,C
239,2exw,C,D,A
241,2exy,C,D,A
243,2ez0,C,D,A
245,2fd6,H,L,U
246,2fec,J,O,A
248,2fed,C,D,A
250,2fee,J,O,A
252,2fjg,B,A,V
254,2fjh,B,A,W
258,2h2p,E,F,B
260,2h2s,E,F,B
262,2h8p,A,B,C
263,2h9g,H,L,S
265,2hfe,A,B,C
266,2hfg,H,L,R
267,2hg5,A,B,C
268,2hjf,A,B,C
269,2hmi,D,C,B
270,2hvj,A,B,C
271,2hvk,A,B,C
272,2i5y,H,L,G
274,2i60,H,L,G
276,2i9l,H,G,L
280,2iff,H,L,Y
281,2ih1,A,B,C
282,2ih3,A,B,C
283,2itc,A,B,C
284,2itd,A,B,C
285,2j4w,H,L,D
286,2j5l,C,B,A
287,2j88,H,L,A
289,2jix,D,G,E
291,2jk5,B,A,C
293,2nlj,A,B,C
294,2nr6,D,C,A
296,2nxy,D,C,A
297,2nxz,D,C,A
298,2ny0,D,C,A
299,2ny1,D,C,A
300,2ny2,D,C,A
301,2ny3,D,C,A
302,2ny4,D,C,A
303,2ny5,H,L,G
304,2ny6,D,C,A
305,2ny7,H,L,G
306,2nyy,D,C,A
307,2nz9,D,C,A
309,2oz4,H,L,A
322,2p7t,A,B,C
323,2q8a,H,L,A
324,2q8b,H,L,A
325,2qad,H,G,E
327,2qqk,H,L,A
328,2qql,H,L,A
329,2qqn,H,L,A
330,2qr0,B,A,D
338,2r0k,H,L,A
339,2r0l,H,L,A
340,2r29,H,L,A
341,2r4r,H,L,A
342,2r4s,H,L,A
343,2r56,H,L,A
344,2r69,H,L,A
345,2uzi,H,L,R
346,2vc2,H,L,A
347,2vdk,H,L,A
348,2vdl,H,L,A
349,2vdm,H,L,A
350,2vdn,H,L,A
351,2vdo,H,L,A
352,2vdp,H,L,A
353,2vdq,H,L,A
354,2vdr,H,L,A
355,2vh5,H,L,R
356,2vir,B,A,C
357,2vis,B,A,C
358,2vit,B,A,C
359,2vwe,E,C,A
361,2vxq,H,L,A
362,2vxs,H,L,B
366,2vxt,H,L,I
371,2w0f,A,B,C
372,2w9e,H,L,A
373,2wub,H,L,A
375,2wuc,H,L,A
376,2x7l,A,B,O
385,2xqb,H,L,A
386,2xqy,G,L,A
388,2xra,H,L,A
390,2xtj,D,B,A
393,2xwt,A,B,C
395,2ybr,A,B,C
398,2yc1,A,B,C
400,2ypv,H,L,A
401,2yss,B,A,C
402,2zch,H,L,P
403,2zck,H,L,P
404,2zcl,H,L,P
405,2zjs,H,L,Y
410,2zuq,C,B,A
412,3a67,H,L,Y
413,3a6b,H,L,Y
414,3a6c,H,L,Y
415,3ab0,B,C,A
417,3b2u,C,D,B
425,3b2v,H,L,A
426,3b9k,H,L,B
428,3bdy,H,L,V
429,3be1,H,L,A
430,3bgf,H,L,S
432,3bn9,D,C,B
434,3bqu,D,C,B
435,3bsz,L,H,F
437,3bt2,H,L,U
438,3c09,H,L,D
444,3csy,A,B,J
448,3cvh,H,L,A
450,3d85,B,A,C
451,3d9a,H,L,C
452,3dvg,B,A,X
454,3dvn,H,L,U
459,3ehb,C,D,B
460,3ejy,C,D,A
462,3ejz,C,D,A
464,3eo1,B,A,C
468,3eoa,H,L,I
470,3eob,H,L,I
480,3f5w,A,B,C
481,3f7v,A,B,C
482,3f7y,A,B,C
483,3fb5,A,B,C
484,3fb6,A,B,C
485,3fb7,A,B,C
486,3fb8,A,B,C
487,3ffd,A,B,P
488,3fmg,H,L,A
489,3g04,B,A,C
490,3g6d,H,L,A
491,3g6j,F,E,B
493,3gb7,A,B,C
494,3gi8,H,L,C
495,3gi9,H,L,C
496,3grw,H,L,A
499,3h3p,H,L,S
501,3hae,H,L,A
505,3hb3,C,D,B
506,3hfm,H,L,Y
507,3hi1,H,L,G
509,3hi6,H,L,A
511,3hmx,H,L,A
512,3hpl,A,B,C
513,3i50,H,L,E
514,3idx,H,L,G
515,3idy,B,C,A
517,3iga,A,B,C
518,3iu3,A,B,K
521,3iyw,H,L,A
523,3j1s,H,L,A
524,3j70,B,A,D
527,3j8v,F,J,D
531,3j8w,F,J,D
535,3j8z,H,L,E
539,3jab,H,L,C
541,3jba,H,L,A
547,3jbq,H,L,F
549,3jcb,C,B,A
550,3jcc,C,B,A
551,3jcx,H,L,A
552,3jwd,H,L,A
554,3jwo,H,L,A
555,3k2u,H,L,A
562,3kj4,H,L,A
564,3kj6,H,L,A
565,3kr3,H,L,D
566,3ks0,H,L,B
568,3l5w,H,L,I
570,3l5x,H,L,A
571,3l95,H,L,Y
573,3ld8,C,B,A
574,3lev,H,L,A
575,3lh2,H,L,S
579,3lhp,H,L,S
581,3liz,H,L,A
582,3lqa,H,L,G
583,3lzf,H,L,A
584,3ma9,H,L,A
585,3mac,H,L,A
586,3mj9,H,L,A
587,3mxw,H,L,A
588,3n85,H,L,A
589,3nfp,A,B,K
591,3ngb,H,L,G
595,3nh7,H,L,A
599,3nid,H,L,A
601,3nif,H,L,A
603,3nig,H,L,A
605,3nps,B,C,A
606,3o2d,H,L,A
607,3ogc,A,B,C
610,3or6,A,B,C
611,3or7,A,B,C
613,3p0y,H,L,A
614,3p11,H,L,A
615,3p30,H,L,A
616,3pnw,B,A,C
624,3q1s,H,L,I
625,3q3g,B,A,E
629,3qa3,B,A,E
634,3qum,H,L,P
636,3qum,B,A,P
638,3r08,H,L,E
639,3r1g,H,L,B
640,3raj,H,L,A
642,3rkd,H,L,A
644,3ru8,H,L,X
645,3s35,H,L,X
646,3s37,H,L,X
647,3se8,H,L,G
648,3se9,H,L,G
649,3skj,H,L,E
653,3t2n,H,L,A
655,3thm,H,L,F
656,3tje,H,L,F
657,3tt1,L,H,B
659,3tt3,H,L,A
660,3u30,C,B,A
662,3u9p,H,L,D
664,3u9u,A,B,F
665,3uaj,H,L,A
667,3uc0,H,L,A
669,3ulu,H,L,A
670,3ulu,D,C,A
671,3ulu,F,E,A
679,3v4p,H,L,B
681,3v6o,C,E,A
683,3v7a,E,H,A
685,3vg9,C,B,A
686,3vga,C,B,A
687,3vrl,H,L,C
689,3w11,C,D,E
690,3w2d,H,L,A
691,3w9e,A,B,C
692,3wih,H,L,A
694,3wsq,H,L,A
695,3x3f,H,L,A
704,4ckd,H,L,C
708,4cmh,B,C,A
709,4d3c,H,L,A
710,4dag,H,L,A
711,4dtg,H,L,K
712,4edx,B,A,W
717,4f2m,A,B,E
723,4fp8,H,L,A
727,4fqr,a,b,A
736,4fqv,H,L,B
739,4fqy,H,L,B
740,4g6j,H,L,A
741,4g6m,H,L,A
742,4g7v,H,L,S
743,4g7y,H,L,S
744,4g80,C,D,J
749,4gxu,M,N,A
755,4h8w,H,L,G
757,4ht1,H,L,T
758,4hwb,H,L,A
763,4ij3,C,B,A
768,4j6r,H,L,G
769,4jan,H,L,G
771,4jb9,H,L,G
772,4jhw,H,L,F
773,4jpv,H,L,G
774,4jpw,H,L,G
775,4k2u,H,L,A
777,4k94,H,L,C
778,4khx,H,L,A
787,4kro,D,C,A
789,4krp,D,C,A
791,4kuc,D,H,A
797,4kxz,Q,P,D
812,4lmq,H,L,D
814,4lsp,H,L,G
815,4lsq,H,L,G
816,4lsr,H,L,G
817,4lss,H,L,G
818,4lst,H,L,G
819,4lsu,H,L,G
820,4lsv,H,L,G
821,4lu5,H,L,B
824,4m5z,H,L,A
825,4m62,H,L,S
827,4m7l,H,L,T
828,4m8q,H,L,C
830,4mwf,H,L,C
832,4n1c,A,B,C
843,4n90,F,G,S
846,4n9g,A,B,C
853,4nnp,H,L,A
855,4nzr,H,L,M
856,4nzt,H,L,M
857,4o02,H,L,A
858,4o58,H,L,A
859,4o5i,M,N,A
865,4o9h,H,L,A
866,4od2,B,A,S
867,4odx,H,B,X
869,4oii,H,L,A
871,4okv,A,B,F
873,4olu,H,L,G
874,4olv,H,L,G
875,4olw,H,L,G
876,4olx,H,L,G
877,4olz,H,L,G
878,4om0,H,L,G
879,4om1,H,L,G
881,4ot1,H,L,A
884,4plj,H,L,A
886,4plk,H,L,A
891,4q6i,B,A,K
895,4qci,H,L,C
897,4qex,H,L,A
899,4qhu,H,L,C
901,4qnp,H,L,B
904,4qti,H,L,U
905,4qww,F,E,A
907,4r2g,D,C,O
911,4r4f,H,L,A
912,4r4h,H,L,A
913,4r4n,J,K,I
921,4r8w,H,L,B
922,4r9y,H,L,B
924,4rau,B,A,C
932,4rdq,I,H,A
937,4rfn,H,L,G
939,4rfo,H,L,G
940,4rgm,C,B,A
942,4rgn,H,L,S
944,4rgn,D,E,A
946,4rgo,H,L,S
947,4rqs,D,C,G
948,4rwy,H,L,A
949,4rx4,H,L,G
953,4s1q,H,L,G
954,4s1r,H,L,G
955,4s1s,H,L,G
956,4tnv,F,N,B
966,4tsa,H,L,A
967,4tsb,H,L,A
968,4tsc,H,L,A
969,4ttd,H,L,A
971,4tvp,H,L,G
972,4tvp,D,E,B
975,4u0r,B,C,A
976,4u1g,B,C,A
980,4u6h,A,B,E
982,4u6v,H,L,A
984,4uao,C,B,A
985,4ubd,C,D,B
991,4ut6,H,L,A
993,4ut9,H,L,A
997,4uta,H,L,B
999,4utb,H,L,A
1001,4uu9,H,L,D
1003,4v1d,D,E,C
1004,4v1d,A,B,C
1016,4web,H,L,E
1020,4wfe,E,D,A
1022,4wff,E,D,A
1024,4wfg,E,D,A
1026,4wfh,E,D,A
1028,4wv1,B,A,C
1038,4xak,H,L,A
1040,4xhj,D,C,A
1044,4xi5,D,C,A
1046,4xmp,H,L,G
1047,4xnm,H,L,C
1049,4xnu,H,L,A
1050,4xnx,H,L,A
1051,4xny,H,L,G
1052,4xnz,H,L,G
1055,4xp1,H,L,A
1056,4xp4,L,H,A
1057,4xp5,L,H,A
1058,4xp6,L,H,A
1059,4xp9,L,H,C
1060,4xpa,L,H,A
1061,4xpb,L,H,A
1062,4xpf,L,H,A
1063,4xpg,H,L,A
1064,4xph,H,L,A
1065,4xpt,H,L,A
1066,4xrc,H,L,C
1068,4xtr,C,D,B
1070,4xvs,H,L,G
1071,4xvt,H,L,G
1072,4xvu,C,D,B
1076,4xwg,H,L,A
1077,4xwo,C,D,A
1085,4xx1,H,L,A
1088,4xzu,E,F,G
1090,4y5v,A,B,C
1093,4y5x,H,G,I
1097,4y5y,A,B,C
1099,4ybl,H,L,G
1101,4ybq,D,C,B
1103,4yc2,H,L,G
1105,4ydi,H,L,G
1106,4ydj,H,L,G
1108,4ydk,H,L,G
1109,4ydl,H,L,G
1111,4ye4,H,L,G
1112,4yfl,H,L,G
1119,4yk4,Z,Y,E
1121,4ypg,H,L,D
1123,4yqx,H,L,A
1125,4yue,H,L,C
1126,4yx2,H,L,A
1127,4yxh,H,L,A
1128,4yxk,H,L,A
1129,4yxl,H,L,A
1130,4yzf,E,F,A
1134,4z5r,B,A,N
1142,4z7n,H,L,A
1144,4z7o,H,L,A
1146,4z7q,H,L,A
1149,4zff,H,L,C
1151,4zfg,H,L,A
1152,4zfo,H,L,K
1154,4zpt,H,L,S
1156,4zpv,H,L,R
1158,4zs6,H,L,A
1160,4zs7,H,L,A
1161,4zso,D,C,F
1163,4zxb,C,D,E
1164,4zxb,A,B,E
1165,4zyp,J,L,C
1168,4zyp,F,G,B
1171,5a3i,C,D,A
1173,5a7x,D,C,A
1176,5a8h,D,C,A
1179,5a8h,F,E,A
1182,5aco,H,L,A
1185,5anm,B,A,G
1188,5any,I,M,B
1192,5b71,B,A,E
1194,5b8c,B,A,C
1198,5bjz,C,L,A
1200,5bk1,H,L,A
1202,5bk2,H,L,A
1204,5bo1,H,L,B
1212,5bv7,H,L,A
1213,5bvp,H,L,I
1214,5c0n,H,L,A
1216,5c0r,H,L,A
1217,5c0s,H,L,A
1219,5c6t,H,L,A
1220,5c7k,E,F,D
1221,5cba,A,B,E
1223,5cbe,A,B,E
1225,5cd5,C,D,A
1226,5cez,H,L,G
1227,5cez,D,E,B
1228,5cjq,H,L,B
1229,5cjx,H,L,G
1232,5cus,H,L,A
1236,5czv,H,L,A
1237,5czx,H,L,A
1239,5d70,H,L,A
1240,5d71,H,L,A
1241,5d72,H,L,A
1243,5d8j,H,L,A
1244,5d93,C,B,A
1246,5d96,J,I,D
1248,5d9q,F,E,A
1255,5dfv,C,D,A
1258,5dhv,H,L,M
1260,5dhy,H,L,M
1262,5dhz,H,L,M
1263,5dmi,H,L,A
1267,5do2,H,L,A
1269,5dum,H,L,A
1270,5dup,H,L,A
1271,5dur,H,L,C
1274,5e1a,A,B,C
1280,5e8d,H,L,A
1281,5e8e,B,A,H
1282,5e94,B,A,G
1284,5ebl,A,B,C
1285,5ebm,A,B,C
1286,5ebw,A,B,C
1287,5ec1,A,B,C
1288,5ec2,A,B,C
1289,5en2,A,B,C
1290,5esv,H,L,G
1293,5esz,H,L,G
1295,5eu7,E,C,A
1297,5ezo,H,L,A
1302,5f3b,E,F,D
1304,5f3h,A,B,J
1308,5f6j,B,A,G
1332,5f96,H,L,G
1339,5f9o,H,L,G
1340,5f9w,H,L,G
1342,5fb8,B,A,C
1343,5fcu,H,L,G
1344,5fec,H,L,I
1346,5fhc,A,B,J
1347,5fhc,H,L,K
1351,5fuo,H,L,A
1357,5fyj,D,E,B
1358,5fyj,H,L,G
1360,5fyk,D,E,B
1361,5fyk,H,L,G
1363,5fyl,H,L,G
1364,5fyl,D,E,B
1367,5g64,H,L,A
1369,5ggr,H,L,Z
1371,5ggs,A,B,Z
1373,5ggt,H,L,A
1374,5ggv,H,L,Y
1375,5gjs,H,L,B
1376,5gjt,H,L,B
1377,5gmq,B,C,A
1378,5gru,H,L,A
1379,5gs0,F,E,B
1382,5gzn,H,L,A
1384,5gzo,H,L,A
1386,5h35,A,B,C
1389,5h37,G,H,A
1393,5hbt,D,C,B
1394,5hbv,D,C,B
1395,5hd8,C,D,A
1397,5hdb,H,L,A
1399,5hdq,H,L,A
1402,5hhv,H,L,A
1403,5hhx,H,L,A
1404,5hi3,H,L,B
1406,5hi4,H,L,A
1408,5hi5,H,L,B
1410,5hj3,M,N,L
1419,5i8h,I,J,A
1421,5i8h,E,F,B
1423,5i9q,H,L,G
1425,5ibl,H,L,B
1427,5ies,H,L,C
1428,5if0,H,L,G
1430,5igx,H,L,G
1435,5ikc,B,A,M
1443,5j13,C,B,A
1446,5j3d,H,L,K
1449,5j3h,C,D,E
1451,5j9p,A,B,C
1458,5jhl,H,L,A
1461,5jo4,A,B,C
1463,5jq6,H,L,A
1466,5js9,A,B,C
1467,5js9,E,F,D
1468,5jsa,A,B,C
1469,5jsa,E,F,D
1470,5jw3,H,L,B
1471,5jw4,Q,R,F
1481,5jz7,H,L,B
1485,5k9k,H,L,F
1487,5k9o,H,L,I
1489,5k9q,J,K,F
1495,5kan,G,I,D
1498,5kaq,H,L,B
1501,5kel,Q,U,I
1504,5kel,M,O,F
1507,5kem,D,E,A
1509,5kem,B,C,A
1511,5ken,C,D,B
1514,5ken,Q,P,K
1516,5kjr,H,L,G
1525,5kqv,C,D,E
1527,5kte,H,L,A
1531,5kvd,H,L,E
1532,5kvf,H,L,E
1533,5kvg,H,L,E
1534,5kw9,H,L,A
1536,5kzc,H,L,A
1539,5l0q,C,B,A
1542,5l6y,H,L,C
1543,5lbs,H,L,A
1545,5lcv,H,L,A
1546,5ldn,H,L,A
1551,5ljy,H,L,A
1552,5lqb,H,L,A
1553,5lsp,H,L,A
1557,5lwy,H,L,A
1558,5lxg,H,L,A
1568,5mes,H,L,A
1569,5mev,H,L,A
1570,5mhr,I,H,B
1576,5mhs,E,D,B
1577,5mi0,B,C,A
1579,5mo9,H,L,X
1582,5mvz,H,L,U
1588,5n09,H,L,A
1590,5n0a,H,L,A
1592,5n7w,H,L,Y
1597,5ngv,H,L,A
1598,5nh3,H,L,A
1600,5nhr,H,L,C
1602,5nj3,C,D,B
1604,5nj6,H,L,A
1605,5njd,M,N,K
1611,5njg,C,D,B
1613,5nmv,H,L,K
1616,5nuz,A,B,C
1623,5o14,H,L,A
1625,5o1r,H,L,A
1629,5o4g,B,A,C
1630,5o4o,B,A,C
1631,5o6v,H,L,B
1633,5o7p,B,A,C
1634,5ob5,H,L,A
1636,5otj,H,L,C
1646,5sx4,H,L,N
1648,5sx5,H,L,N
1650,5sy8,H,L,O
1651,5t29,H,L,O
1652,5t33,H,L,G
1653,5t3s,H,L,G
1654,5t3s,D,E,B
1655,5t3x,H,L,G
1656,5t3x,D,E,G
1657,5t3z,H,L,G
1658,5t3z,D,E,G
1659,5t5b,H,L,E
1661,5t5n,G,F,E
1666,5t6l,H,L,I
1668,5t80,H,L,G
1669,5t85,H,L,G
1670,5te4,H,L,G
1671,5te6,H,L,G
1672,5te7,H,L,G
1673,5tfw,H,L,O
1674,5th9,I,M,B
1677,5thr,M,J,D
1680,5thr,P,Q,C
1683,5tih,H,L,A
1685,5tl5,H,L,A
1686,5tlj,D,C,X
1687,5tlj,B,A,X
1688,5tlk,B,A,X
1690,5tlk,D,C,X
1698,5tpn,H,L,A
1699,5tru,H,L,C
1702,5tud,C,B,A
1704,5tz2,H,L,C
1705,5tzt,H,L,C
1707,5tzu,H,L,C
1708,5u1f,H,L,D
1712,5u7m,H,L,G
1713,5u7o,H,L,G
1714,5udc,H,L,F
1717,5udd,J,P,A
1723,5uek,H,L,A
1724,5uem,H,L,G
1725,5ug0,D,C,A
1726,5ugy,H,L,A
1729,5uhy,H,G,A
1766,5ukr,H,L,G
1767,5um8,H,L,G
1768,5um8,D,E,B
1769,5umi,H,L,C
1771,5umn,C,D,B
1773,5uqy,D,C,A
1779,5ush,H,L,X
1781,5usl,H,L,X
1783,5utf,D,E,B
1784,5utf,H,L,G
1785,5uty,D,E,B
1786,5uty,H,L,G
1787,5utz,H,L,D
1791,5v2a,H,L,A
1792,5v7j,H,L,G
1793,5v8l,H,L,A
1796,5v8m,H,L,A
1799,5vag,C,B,A
1800,5vcn,D,C,B
1802,5vco,B,A,F
1804,5veb,A,B,X
1806,5vgj,H,L,G
1807,5vic,H,L,E
1808,5vig,H,L,Z
1810,5viy,I,J,D
1812,5vj6,H,L,E
1813,5vj6,M,N,B
1816,5vjo,A,B,E
1818,5vjq,A,B,I
1822,5vk6,A,B,C
1823,5vkd,H,L,A
1824,5vke,A,B,C
1825,5vkh,A,B,C
1826,5vl3,A,B,R
1830,5vl7,H,L,B
1831,5vlp,H,L,A
1832,5vn3,H,L,G
1835,5vn8,F,J,D
1840,5vpg,D,C,A
1841,5vph,D,C,A
1842,5vpl,D,C,A
1843,5vqm,H,L,A
1853,5vyf,H,L,F
1855,5w06,H,L,T
1856,5w08,G,H,A
1862,5w0d,B,C,A
1863,5w0k,H,L,A
1865,5w1k,B,A,P
1869,5w1k,D,C,E
1873,5w1m,B,A,R
1877,5w23,H,L,C
1880,5w2b,H,L,A
1881,5w42,H,L,A
1882,5w4l,H,L,G
1884,5w4l,D,E,G
1886,5w5x,H,L,A
1887,5w5z,H,L,A
1888,5w6d,H,L,G
1889,5w6g,H,L,A
1890,5w9h,E,F,D
1893,5w9i,C,D,A
1896,5w9j,E,F,D
1899,5w9k,H,I,G
1902,5w9l,H,I,G
1904,5w9m,H,I,G
1906,5w9n,B,C,A
1908,5w9o,E,F,D
1911,5w9p,F,G,J
1914,5wb9,H,L,G
1915,5wdu,C,B,G
1921,5whk,H,L,A
1922,5wi9,H,L,A
1924,5wk3,Q,P,A
1928,5wt9,H,L,G
1929,5wth,E,D,B
1930,5wux,A,B,F
1933,5x0t,A,B,E
1935,5x2m,J,K,C
1936,5x2n,H,L,A
1938,5x2o,H,L,A
1939,5x2p,H,L,A
1941,5x2q,H,L,A
1943,5x8l,F,K,A
1948,5x8m,B,C,A
1949,5xaj,E,C,A
1953,5xbm,B,A,C
1955,5xhv,H,L,E
1957,5xj3,A,B,C
1961,5xj4,H,L,A
1962,5xjm,H,L,A
1963,5xku,C,B,A
1964,5xs7,H,L,A
1965,5xwd,H,D,A
1966,5xxy,H,L,A
1967,5y11,A,B,C
1968,5y9f,L,K,A
1978,5y9j,H,L,A
1979,5yhl,H,L,A
1980,5yoy,G,D,B
1986,5ywo,N,M,C
1988,5ywy,H,L,A
1989,5zs0,B,A,C
1990,6a0z,H,L,A
1991,6a3w,A,B,C
1995,6a4k,H,L,A
1999,6a67,H,L,A
2001,6a77,H,L,A
2002,6a78,H,L,A
2004,6a79,H,L,A
2006,6ad7,C,D,A
2008,6ad8,C,D,A
2010,6ada,C,D,A
2012,6adb,C,D,A
2014,6adc,C,D,A
2016,6aj7,H,L,C
2017,6aj9,D,E,A
2018,6aj9,H,L,C
2019,6al5,H,L,A
2020,6aod,B,A,C
2021,6apb,H,L,C
2022,6apd,D,E,A
2025,6apd,J,L,C
2029,6aq7,H,L,A
2030,6aru,C,B,A
2031,6att,H,L,A
2032,6avq,H,L,B
2033,6avr,H,L,B
2034,6avu,H,L,B
2035,6ayz,B,D,A
2037,6az2,A,F,B
2039,6azz,F,E,D
2041,6b08,C,B,A
2042,6b0a,H,L,A
2043,6b0e,B,A,E
2044,6b0g,D,C,E
2045,6b0h,C,D,I
2047,6b0n,D,E,G
2048,6b0n,H,L,G
2049,6b0s,H,L,C
2050,6b3s,H,L,A
2054,6b9j,H,L,X
2056,6ba5,B,A,M
2060,6ban,B,A,M
2064,6bck,H,L,G
2065,6bdz,H,L,A
2066,6bf4,H,L,G
2068,6bfq,A,B,I
2072,6bfs,H,L,C
2073,6bft,H,L,C
2075,6bgt,B,A,C
2076,6bit,I,K,H
2078,6bkb,H,L,E
2079,6bkc,H,L,E
2080,6bkd,H,L,E
2081,6bp2,H,L,A
2082,6bpa,B,C,A
2084,6bpc,B,C,A
2086,6bpe,B,C,A
2089,6by2,A,B,C
2090,6by3,A,B,C
2091,6c6y,A,B,S
2093,6c6z,H,L,B
2095,6c9u,H,L,A
2097,6cbv,H,L,B
2098,6ccb,H,L,G
2100,6ce0,H,L,G
2101,6ch7,Q,R,G
2102,6ch8,Q,R,G
2103,6ch9,Q,R,G
2104,6chb,Q,R,H
2107,6chb,D,E,G
2110,6ck9,H,L,G
2111,6cm3,K,J,D
2114,6cmg,C,B,A
2115,6cmi,D,C,B
2116,6cnj,G,F,C
2119,6cnk,K,J,E
2121,6crq,D,E,A
2130,6cwt,A,B,E
2132,6cxc,G,J,B
2135,6cxy,H,L,C
2136,6cyf,C,D,A
2140,6d0u,C,D,B
2144,6d2p,H,L,C
2148,6dc3,H,L,F
2149,6dc5,B,C,A
2152,6ddm,B,A,C
2153,6ddr,B,A,C
2154,6ddv,B,A,C
2155,6de7,H,L,G
2156,6did,L,H,A
2159,6dkj,A,B,D
2163,6dzv,B,C,A
2164,6dzw,H,L,A
2166,6dzy,H,L,A
2168,6dzz,B,C,A
2169,6e1k,D,C,B
2171,6e4x,Z,Y,B
2172,6e56,H,J,A
2174,6e62,H,L,P
2176,6e63,H,L,P
2191,6eyo,H,L,A
2195,6fax,H,L,R
2196,6fg1,A,D,H
2198,6fg2,D,E,I
2202,6fla,H,L,I
2204,6flb,H,L,G
2205,6flc,H,L,G
2207,6fn1,C,B,A
2208,6fn4,C,B,A
2209,6fxn,D,E,A
2215,6fy1,H,L,G
2217,6fy2,H,L,P
2244,6gku,H,L,A
2245,6glw,H,L,A
2247,6glx,H,L,A
2249,6gv1,H,L,A
2255,6h2y,H,L,D
2256,6h3t,H,L,A
2258,6h3u,H,L,B
2260,6h5n,C,B,A
2275,6hf1,C,B,A
2277,6hga,H,L,B
2278,6hhc,H,L,A
2281,6hig,H,L,B
2282,6hx4,H,L,B
2284,6hxw,H,L,A
2286,6i04,H,L,A
2290,6i3z,H,L,A
2294,6i8s,E,I,A
2298,6i9i,A,B,C
2300,6iap,E,D,A
2301,6iap,H,L,A
2304,6iea,H,L,A
2305,6ieb,H,L,A
2307,6iec,C,D,B
2311,6iek,B,C,A
2313,6ieq,H,L,G
2314,6ii4,H,L,A
2316,6ii8,H,L,C
2319,6ii9,H,L,A
2339,6ion,H,L,A
2342,6iut,H,L,A
2343,6iuv,H,L,A
2345,6ivz,H,L,A
2346,6iw0,H,L,A
2347,6iw2,B,C,A
2353,6j11,H,L,A
2356,6j14,A,B,G
2357,6j15,H,L,D
2359,6j5d,H,L,A
2360,6j5f,H,L,A
2361,6j5g,H,L,A
2362,6j6y,B,C,A
2368,6jbt,H,L,F
2369,6jep,H,L,E
2371,6jjp,A,B,C
2373,6jmq,D,C,B
2374,6jmr,E,F,B
2375,6jmr,C,D,B
2376,6jod,H,L,A
2377,6k0y,A,B,C
2378,6k5a,C,D,A
2380,6k5d,C,D,A
2382,6k5f,C,D,A
2384,6k5i,C,D,A
2390,6k68,A,B,H
2398,6k7o,B,C,P
2406,6ko5,H,L,A
2407,6krz,D,E,A
2410,6ks0,H,L,A
2411,6ks1,H,L,A
2412,6ktr,A,B,C
2414,6kyz,B,C,A
2416,6kz0,B,C,A
2420,6l62,H,L,A
2421,6lbh,C,D,B
2425,6lhp,H,L,C
2426,6ln2,C,B,A
2428,6lxi,H,L,A
2430,6lxj,H,L,A
2434,6lxk,H,L,A
2437,6lyn,A,B,C
2441,6lz9,H,L,B
2442,6m0f,H,L,A
2443,6m0z,H,L,A
2444,6m2r,H,L,A
2445,6m38,H,L,A
2446,6m3b,C,B,A
2447,6m3c,E,F,C
2450,6m3z,H,L,A
2451,6m47,H,L,A
2452,6m58,H,L,A
2454,6mco,H,L,G
2455,6mdt,H,L,G
2456,6meh,H,L,C
2457,6mei,H,L,C
2458,6mej,A,B,C
2459,6mej,H,L,C
2460,6mek,B,D,A
2462,6mek,I,G,A
2464,6mfp,H,L,G
2466,6mft,H,L,G
2468,6mg7,H,L,G
2469,6mhr,A,B,C
2471,6mi2,A,B,C
2473,6ml8,H,L,A
2474,6mlm,E,I,A
2480,6mtj,H,L,G
2481,6mtn,H,L,G
2482,6mto,H,L,T
2483,6mu6,H,L,G
2484,6mu7,H,L,G
2485,6mu8,H,L,G
2486,6muf,H,L,G
2487,6mug,H,L,G
2488,6mui,C,D,B
2492,6mvl,H,L,A
2493,6mw9,C,D,B
2497,6mwc,C,D,B
2501,6mwv,C,D,B
2505,6mwx,C,D,B
2510,6myy,H,L,A
2513,6mzj,H,L,A
2516,6n5b,H,L,B
2517,6n5d,C,D,A
2520,6n5e,H,I,C
2523,6n6b,K,L,A
2524,6n81,C,D,B
2526,6n8d,D,B,A
2528,6nb3,H,L,C
2530,6nb4,H,L,A
2531,6nb6,H,L,C
2533,6nb7,H,L,A
2536,6nf5,O,P,J
2539,6nfc,H,L,A
2540,6nfu,A,B,C
2541,6nfv,A,B,C
2542,6nip,A,B,E
2544,6niu,F,G,B
2548,6nm6,H,L,G
2549,6nm6,U,V,G
2550,6nmr,A,B,E
2554,6nms,H,L,S
2556,6nmt,B,A,C
2557,6nmu,H,L,S
2559,6nmv,H,L,S
2560,6nn3,H,L,A
2561,6nnf,H,L,G
2562,6nnf,U,V,G
2563,6nnj,H,L,G
2564,6nnj,U,V,G
2565,6o1f,H,L,A
2566,6o39,B,A,C
2567,6o3a,B,A,E
2568,6o3b,B,A,C
2570,6o8d,H,L,C
2571,6o9h,H,L,D
2573,6o9i,A,B,C
2574,6o9i,D,E,C
2583,6oc3,A,B,F
2585,6ocb,H,L,A
2586,6oe4,B,C,A
2588,6oe5,B,C,A
2589,6oe5,H,L,A
2590,6oej,H,L,G
2592,6ofi,H,L,G
2593,6oge,C,B,A
2594,6oge,E,D,A
2595,6ogx,C,D,G
2596,6ogx,H,L,G
2597,6ohg,C,B,A
2598,6okp,K,L,E
2599,6okp,M,N,D
2602,6ol5,A,B,H
2604,6ol6,A,B,H
2605,6ol7,E,D,C
2613,6oor,H,L,A
2614,6opa,K,J,G
2615,6opa,S,R,G
2616,6opo,H,L,A
2619,6opp,H,L,A
2622,6opq,H,L,A
2632,6orn,A,B,G
2635,6oro,H,L,G
2638,6orp,H,L,G
2641,6orq,D,E,B
2647,6osh,H,L,K
2648,6osv,H,L,K
2649,6ot1,m,n,G
2652,6ot1,J,K,E
2655,6otc,H,L,A
2656,6oy4,D,C,A
2657,6oz2,H,L,G
2658,6oz3,H,L,G
2659,6oz4,H,L,G
2660,6p3r,A,B,L
2662,6p3s,A,B,L
2670,6p4a,H,L,C
2671,6p4b,H,L,C
2673,6p50,H,L,C
2674,6p62,H,L,A
2677,6p65,H,L,A
2680,6p67,A,B,K
2684,6p8m,H,L,C
2685,6p8n,H,L,C
2687,6p9h,H,L,A
2689,6pa0,A,B,C
2690,6pci,H,L,A
2696,6pdx,H,L,A
2699,6pe8,H,L,T
2701,6pe9,H,L,V
2704,6phb,D,C,I
2706,6phc,A,B,I
2708,6phd,H,L,C
2709,6phf,A,B,G
2711,6pis,H,L,B
2713,6plk,H,L,E
2715,6ppg,B,A,G
2717,6pv7,F,G,D
2721,6pv8,F,G,D
2728,6pwu,H,L,A
2729,6pxh,H,L,B
2731,6pz8,H,L,B
2734,6pze,H,L,A
2735,6pzf,H,L,A
2737,6pzw,H,L,A
2741,6pzy,D,C,A
2745,6pzz,H,L,A
2749,6q0e,H,L,A
2750,6q0h,H,L,A
2751,6q0i,H,L,A
2752,6q0l,H,L,A
2753,6q0o,Z,B,A
2754,6q18,H,L,A
2755,6q1z,H,L,A
2757,6q20,H,L,A
2758,6q23,H,L,A
2765,6qb6,H,L,A
2766,6qee,C,B,A
2767,6qex,C,B,A
2773,6qig,H,L,A
2779,6r0x,A,B,E
2781,6r2s,B,A,C
2783,6r8x,C,B,A
2784,6rcu,B,C,A
2785,6rcu,E,D,A
2786,6rcv,C,B,A
2788,6rcv,E,D,A
2790,6rlo,A,B,I
2795,6rp8,H,L,C
2801,6rps,H,L,A
2809,6s3d,A,B,N
2813,6s3t,C,D,S
2817,6s8d,H,L,A
2820,6s8i,H,L,A
2823,6s8j,H,L,A
2826,6sne,B,A,O
2830,6snh,H,L,X
2831,6sni,H,L,X
2832,6ss2,B,C,A
2833,6ss4,B,C,A
2834,6ss6,D,G,A
2844,6suz,H,L,A
2845,6sv2,H,L,A
2846,6svl,A,B,C
2852,6sxi,A,B,H
2854,6t3f,H,L,F
2855,6t3j,A,B,E
2857,6t3j,C,D,E
2859,6t9d,A,B,D
2861,6t9e,A,B,C
2865,6txz,H,L,A
2869,6tyb,H,L,G
2876,6tys,H,L,A
2879,6u02,H,L,A
2883,6u0l,H,L,A
2886,6u0n,H,L,A
2890,6u2f,H,L,A
2891,6u36,H,L,B
2892,6u38,H,L,B
2893,6u3i,H,L,A
2896,6u59,H,L,A
2899,6u6u,H,L,R
2900,6u9s,A,B,C
2904,6uda,C,D,A
2907,6udk,A,B,G
2910,6udk,H,L,K
2919,6uig,H,L,G
2921,6uj9,H,L,A
2922,6ujb,E,F,A
2924,6ujc,E,F,A
2926,6ukj,H,L,A
2932,6ulc,H,L,A
2933,6um5,C,D,A
2936,6um6,C,D,A
2939,6um7,J,K,A
2942,6umx,H,L,A
2946,6ur5,A,B,C
2948,6urh,H,L,C
2949,6urm,H,L,F
2951,6usf,H,L,D
2953,6uta,H,L,E
2955,6ute,C,D,S
2956,6utk,H,L,G
2957,6uyd,H,L,E
2959,6uye,H,K,B
2962,6uyf,H,L,E
2963,6uyg,H,L,E
2964,6uym,H,L,E
2966,6v4n,A,B,I
2970,6v4o,A,B,I
2974,6v4p,C,D,A
2976,6v6w,I,J,G
2978,6v8x,C,D,A
2981,6v8z,P,Q,M
2984,6v8z,C,F,A
2989,6vc9,H,L,A
2990,6vca,H,L,B
2994,6vel,H,L,C
2995,6vep,I,J,K
2999,6veq,C,D,E
3001,6vgr,C,D,A
3003,6vi0,H,L,G
3008,6vja,H,L,C
3010,6vlr,C,L,A
3013,6vlw,H,L,G
3014,6vmj,B,A,Z
3018,6vmk,Z,Y,a
3034,6vn1,H,L,A
3037,6vo0,H,L,A
3040,6vo1,H,L,A
3043,6vo3,H,L,A
3046,6vrh,B,C,A
3047,6vrk,B,C,A
3048,6vrl,B,C,A
3049,6vrq,H,L,A
3051,6vtt,H,L,G
3052,6vug,D,C,B
3053,6vvu,H,L,A
3057,6vx4,H,K,F
3058,6vy2,H,L,A
3061,6vy4,H,L,A
3063,6vy5,H,L,A
3064,6vy6,H,L,A
3065,6vyh,D,C,A
3066,6vyv,I,M,F
3070,6vzi,H,L,G
3071,6w03,D,E,B
3073,6w03,H,L,G
3074,6w0a,A,B,C
3075,6w0b,A,B,C
3076,6w0c,A,B,C
3077,6w0d,A,B,C
3078,6w0e,A,B,C
3079,6w0f,A,B,C
3080,6w0g,A,B,C
3081,6w0h,A,B,C
3082,6w0i,A,B,C
3083,6w0j,A,B,C
3084,6w16,H,L,F
3085,6w1c,I,M,F
3089,6w2b,B,C,A
3090,6w2c,B,C,A
3091,6w41,H,L,C
3092,6w4m,H,L,G
3093,6w4s,H,L,F
3094,6w9g,H,L,A
3106,6was,H,L,J
3108,6wbv,H,L,A
3109,6weq,E,F,A
3113,6wer,C,D,A
3115,6wgl,A,B,C
3116,6wh9,E,F,D
3119,6whk,C,B,A
3120,6wik,D,C,A
3121,6wio,A,B,C
3122,6wir,A,B,C
3123,6wit,A,B,C
3125,6wix,H,L,G
3126,6wjl,H,L,G
3128,6wm9,B,C,A
3130,6wmw,H,L,B
3131,6wmw,M,N,B
3132,6wn1,B,C,A
3134,6wno,B,C,A
3136,6wo3,H,L,E
3137,6wo4,H,L,E
3138,6wo5,H,L,E
3140,6woq,J,K,E
3142,6woz,B,C,A
3146,6wps,H,L,A
3149,6wpt,H,L,C
3151,6wqo,B,C,A
3153,6wtu,B,C,A
3157,6wtv,B,C,A
3161,6wty,B,C,A
3165,6wvz,H,L,M
3166,6ww2,H,L,R
3167,6ww5,C,D,B
3169,6wzt,H,L,A
3175,6x4t,B,E,C
3177,6x58,A,B,E
3179,6x5b,H,L,A
3182,6xc2,H,L,A
3184,6xc3,H,L,C
3185,6xc3,B,A,C
3186,6xc4,H,L,A
3188,6xc7,H,L,A
3189,6xc7,C,D,A
3190,6xcj,H,L,G
3191,6xcm,H,L,C
3193,6xcn,H,L,C
3196,6xdg,B,D,E
3197,6xdg,C,A,E
3198,6xe1,H,L,E
3199,6xey,H,L,A
3202,6xkp,H,L,A
3204,6xkq,H,L,A
3205,6xkr,H,L,P
3206,6xlq,B,C,A
3210,6xm2,B,A,L
3214,6xoc,A,B,H
3216,6xpq,B,C,A
3217,6xpr,B,C,A
3219,6xpx,B,C,A
3220,6xpy,B,C,A
3221,6xpz,B,C,A
3223,6xq0,B,C,A
3225,6xq2,B,C,A
3227,6xq4,B,C,A
3229,6xqw,H,L,E
3230,6xr0,H,L,M
3231,6xrt,H,L,F
3232,6xsn,H,L,C
3233,6xsw,A,B,C
3245,6xxv,A,B,C
3247,6xy2,H,L,A
3250,6xzw,H,L,D
3251,6y90,H,L,A
3253,6y92,H,L,A
3255,6y9b,H,L,C
3258,6yax,A,D,C
3260,6ye3,A,B,C
3263,6yio,H,L,B
3264,6yla,H,L,E
3266,6ym0,H,L,E
3273,6yor,B,C,A
3276,6ywc,A,B,C
3278,6ywd,A,B,C
3284,6yz7,B,C,A
3288,6z06,H,L,A
3293,6z2l,C,B,A
3294,6z2m,H,L,E
3298,6z3p,H,L,C
3304,6zcz,H,L,E
3305,6zdg,H,L,E
3308,6zdh,D,F,B
3312,6zer,F,G,D
3315,6zfo,H,L,E
3317,6zh9,A,B,C
3322,6zlr,B,C,A
3328,6ztr,H,L,I
3333,7a0w,C,D,A
3335,7a0x,C,D,A
3346,7a3n,H,L,A
3347,7a3t,H,L,A
3348,7a3u,H,L,A
3349,7a5r,H,L,A
3351,7a5s,H,L,A
3353,7a65,C,B,A
3354,7a69,C,B,A
3355,7a6c,C,B,A
3356,7a6e,C,B,A
3357,7a6f,C,B,A
3359,7ahv,A,B,H
3360,7akd,D,E,C
3362,7akj,G,F,C
3365,7amp,H,L,B
3366,7amq,H,L,B
3367,7amr,H,L,B
3368,7ams,H,L,B
3370,7b09,H,L,A
3371,7b0b,H,L,F
3380,7b3o,H,L,E
3385,7bbg,H,L,A
3386,7bbj,H,L,A
3390,7beh,H,L,E
3391,7bei,H,L,E
3392,7bej,H,L,E
3393,7bek,H,L,E
3394,7bel,A,B,R
3396,7bel,H,L,R
3398,7bem,H,L,E
3399,7ben,H,L,E
3401,7ben,A,B,E
3403,7beo,H,L,R
3405,7beo,A,B,R
3407,7bep,A,B,E
3409,7bep,H,L,E
3411,7bnv,H,L,A
3412,7bpk,H,L,B
3414,7bq5,H,L,A
3416,7bsc,H,L,A
3417,7bsd,A,B,G
3422,7bxa,H,L,P
3424,7byr,H,L,B
3425,7bz5,H,L,A
3426,7c2l,H,L,A
3429,7c4s,H,L,A
3431,7c61,H,L,A
3432,7c6a,H,L,A
3433,7c81,H,L,A
3434,7c88,H,L,M
3438,7cac,E,D,B
3439,7cah,E,D,A
3440,7cai,E,D,A
3442,7cak,E,D,A
3446,7cbp,D,E,K
3448,7cgw,H,L,P
3450,7ch4,H,L,R
3451,7ch5,H,L,R
3452,7chb,H,L,R
3453,7chc,H,L,R
3454,7chc,A,B,R
3455,7che,H,L,R
3456,7che,A,B,R
3457,7chf,H,L,R
3458,7chf,A,B,R
3459,7chh,D,E,A
3462,7chy,H,L,I
3463,7chz,H,L,I
3464,7cj2,C,D,A
3466,7cjf,A,B,C
3467,7cm4,H,L,A
3468,7cn2,H,L,D
3474,7coe,H,L,A
3476,7cqc,H,L,A
3477,7cqd,H,L,A
3479,7cr5,H,L,A
3482,7cvs,C,D,A
3484,7cvt,C,D,A
3486,7cwl,H,L,A
3489,7cwm,H,L,A
3492,7cwn,G,F,A
3495,7cwn,O,M,A
3498,7cwo,H,L,A
3499,7cws,L,C,Q
3502,7cws,E,D,Q
3505,7cwt,E,D,A
3508,7cwt,L,H,A
3511,7cwu,J,F,A
3514,7cwu,O,S,A
3517,7cyp,E,D,A
3527,7czp,H,L,A
3529,7czq,H,K,A
3531,7czr,H,K,A
3533,7czs,H,K,A
3536,7czt,H,L,A
3538,7czu,H,K,A
3540,7czv,H,K,A
3543,7czw,H,L,A
3545,7czx,H,K,A
3548,7czy,H,K,A
3550,7czz,H,K,A
3553,7d00,H,K,A
3555,7d03,H,L,A
3556,7d0b,H,L,A
3557,7d0c,H,L,A
3559,7d0d,H,L,A
3563,7d3k,H,L,2
3564,7d3l,H,L,2
3571,7d85,B,C,A
3575,7daa,H,L,A
3576,7dc8,B,A,C
3578,7dcc,A,F,K
3581,7dcx,A,F,C
3584,7dd2,A,B,C
3586,7dd8,A,B,C
3598,7dha,C,B,A
3599,7djz,A,B,C
3600,7dk0,A,B,C
3601,7dk2,J,K,L
3605,7dk4,a,b,A
3608,7dk5,a,b,A
3609,7dk6,a,b,A
3611,7dk7,a,b,A
3613,7dm1,D,C,A
3615,7dm2,H,L,A
3616,7dnh,H,L,A
3617,7dnl,H,L,B
3618,7dpm,A,B,C
3622,7dq7,H,L,B
3623,7duo,H,L,B
3624,7dx4,H,L,E
3625,7dzy,H,L,B
3628,7e23,B,C,A
3629,7e39,C,B,A
3630,7e3b,B,C,A
3631,7e3c,B,C,A
3632,7e3o,H,L,R
3633,7e5o,H,L,A
3634,7e5r,L,H,A
3637,7e5r,M,U,A
3640,7e5r,P,Q,A
3643,7e5s,L,D,B
3645,7e5s,I,K,B
3647,7e5s,U,Q,B
3650,7e5s,R,O,A
3651,7e5y,H,L,R
3655,7e72,A,B,E
3657,7e7x,H,L,A
3659,7e7y,A,B,R
3661,7e86,A,B,C
3662,7e88,A,B,C
3666,7e8c,O,Q,A
3669,7e8c,M,J,A
3672,7e8c,H,L,A
3675,7e8f,H,L,A
3676,7e8f,C,B,R
3677,7e8f,D,E,R
3678,7e8m,H,L,E
3679,7e9n,P,O,B
3682,7e9o,H,L,A
3685,7e9p,H,L,B
3686,7e9q,H,L,A
3688,7eak,F,L,A
3689,7eam,H,L,A
3691,7ean,H,L,A
3692,7ecy,E,F,C
3693,7eh5,D,O,A
3696,7eh5,H,L,A
3699,7ej4,H,L,A
3702,7ej5,H,L,A
3705,7ejy,H,L,R
3706,7ejz,H,L,R
3707,7ek0,H,L,R
3708,7elx,H,L,C
3710,7enf,P,O,B
3711,7eng,H,L,B
3712,7eo0,H,L,3
3715,7epx,H,L,A
3717,7ey0,A,B,R
3718,7ey0,H,L,R
3719,7ey4,H,L,R
3720,7ey5,H,L,A
3721,7ey5,B,C,A
3722,7eya,H,L,R
3723,7ezv,H,L,A
3724,7ezv,M,N,A
3725,7f46,H,L,B
3731,7f62,H,L,A
3732,7f63,H,L,A
3733,7f6y,H,L,R
3734,7f6z,H,L,R
3735,7f7e,C,L,E
3736,7f9w,B,C,A
3737,7fae,H,L,A
3740,7faf,H,L,C
3743,7fah,H,L,A
3757,7fci,H,L,A
3758,7fcp,B,D,A
3759,7fcp,H,L,A
3760,7fcq,H,L,A
3761,7fei,H,L,2
3762,7fej,H,L,2
3771,7fjn,H,L,B
3773,7fjo,H,L,A
3776,7fjs,H,L,E
3778,7jgj,H,L,A
3779,7jhg,H,L,A
3780,7jhh,H,L,A
3781,7jic,H,L,A
3782,7jie,C,D,B
3784,7jix,H,L,A
3785,7jks,H,L,G
3786,7jkt,H,L,G
3787,7jlk,H,L,A
3789,7jln,A,B,H
3790,7jmo,H,L,A
3791,7jmp,H,L,A
3792,7jmw,H,L,A
3793,7jn5,H,L,F
3794,7joo,H,L,C
3795,7jr7,C,D,B
3796,7jr7,E,F,B
3797,7jtf,A,B,E
3799,7jtg,A,B,E
3800,7jti,H,L,A
3808,7jv2,H,L,A
3809,7jv4,H,L,A
3812,7jv6,H,L,A
3815,7jva,H,L,A
3818,7jvc,H,L,A
3821,7jw0,H,L,A
3824,7jwg,H,L,C
3826,7jx3,A,B,R
3827,7jx3,C,D,R
3828,7jx3,H,L,R
3829,7k22,B,A,O
3834,7k23,A,B,E
3839,7k43,H,L,A
3842,7k45,H,L,B
3843,7k4n,H,L,A
3847,7k66,B,C,A
3852,7k7i,H,L,A
3862,7k8m,A,B,E
3863,7k8s,H,L,A
3866,7k8t,H,L,C
3869,7k8u,H,L,A
3870,7k8v,H,L,A
3872,7k8w,H,L,A
3874,7k8x,D,F,B
3876,7k8z,H,L,A
3878,7k90,H,L,B
3885,7k9h,H,L,B
3887,7k9i,H,L,A
3888,7k9j,H,L,A
3891,7k9k,H,L,A
3892,7k9z,H,L,E
3893,7k9z,B,A,E
3894,7kbb,H,L,D
3895,7kbt,E,F,A
3896,7kd6,C,D,E
3900,7kdd,D,E,A
3903,7kde,H,L,G
3906,7kej,H,K,B
3909,7ket,A,B,C
3910,7kew,G,J,A
3913,7kex,G,J,A
3916,7kez,H,L,V
3917,7kf0,H,L,V
3919,7kf1,H,L,V
3923,7kf9,G,J,A
3926,7kfb,G,J,A
3929,7kfe,H,J,C
3931,7kfh,G,J,A
3934,7kfv,H,L,A
3937,7kfw,H,L,A
3940,7kfx,H,L,A
3941,7kfy,H,L,A
3942,7kgv,C,E,B
3944,7khf,H,B,C
3946,7ki4,H,L,B
3949,7ki6,H,L,A
3961,7klc,H,L,A
3962,7klc,D,C,A
3963,7klg,H,L,A
3965,7klh,H,L,A
3967,7kmd,H,L,G
3968,7kmg,A,B,C
3970,7kmh,A,B,C
3971,7kmi,A,B,C
3972,7kmk,H,L,A
3974,7kml,H,L,A
3977,7kn3,H,L,A
3979,7kn4,H,L,A
3981,7kn6,H,L,A
3983,7kn7,H,L,A
3985,7kpg,H,L,S
3986,7kpj,A,B,E
3988,7kq7,H,L,B
3989,7kqb,H,L,A
3991,7kqe,H,L,A
3994,7kqg,B,C,A
3995,7kqh,H,L,B
3997,7kqi,A,C,B
3998,7kql,H,L,T
3999,7kra,I,J,A
4000,7ks9,H,L,B
4004,7ktx,I,J,A
4005,7kxj,H,L,A
4008,7kxk,H,L,A
4011,7kyl,H,L,E
4013,7kyo,H,L,B
4014,7kzb,H,L,C
4015,7kzb,A,B,C
4016,7kzx,D,C,B
4018,7l0n,A,B,R
4020,7l0n,H,L,R
4022,7l2c,H,L,A
4024,7l2d,H,L,A
4025,7l2e,H,L,A
4028,7l2f,H,L,A
4031,7l3n,D,E,B
4032,7l56,H,L,A
4035,7l5b,H,L,A
4036,7l5j,W,L,B
4038,7l7d,H,L,E
4039,7l7e,A,B,G
4043,7l7e,C,D,b
4047,7l7r,B,A,G
4048,7l7r,D,C,G
4049,7l86,H,L,A
4050,7l87,H,L,A
4051,7l88,H,L,A
4052,7l89,H,L,D
4053,7l8a,H,L,A
4054,7l8b,H,L,A
4055,7l8c,H,L,C
4056,7l8d,H,L,C
4057,7l8s,H,L,A
4058,7l8t,H,L,B
4059,7l8u,H,L,A
4060,7l8w,H,L,A
4061,7l8x,H,L,A
4062,7l8y,H,L,A
4063,7l8z,H,L,E
4064,7l90,H,L,D
4065,7laa,H,L,A
4066,7lab,H,L,C
4069,7lbe,F,E,A
4070,7lbe,H,G,A
4071,7lbf,F,E,A
4072,7lbf,H,G,A
4073,7lbg,F,E,A
4074,7lbg,H,G,A
4075,7lcn,B,D,A
4078,7lcv,A,B,C
4079,7ld1,M,N,C
4082,7ldd,K,J,D
4086,7lde,K,J,D
4094,7lex,D,E,B
4100,7ley,D,E,A
4103,7lez,Q,O,M
4107,7lf0,D,E,B
4113,7lf1,D,E,B
4119,7lf2,D,E,A
4125,7lf7,H,L,K
4127,7lfa,B,D,A
4129,7lfb,H,L,X
4130,7lg6,H,L,A
4133,7lj4,E,D,A
4135,7lj5,E,D,A
4137,7lja,E,D,A
4139,7ljb,E,D,A
4141,7ljr,S,T,A
4142,7lk4,B,A,R
4146,7lkf,H,L,A
4147,7lkh,H,L,A
4148,7ll1,H,L,A
4151,7ll2,H,L,A
4154,7llk,K,L,I
4157,7lm8,H,L,A
4158,7lm8,M,N,A
4159,7lm9,H,L,A
4160,7lo6,H,G,E
4163,7lo7,H,L,Z
4164,7lo8,H,L,Z
4165,7lok,M,L,C
4167,7lop,W,V,Z
4169,7lop,H,L,A
4174,7lq7,F,G,E
4177,7lq7,P,Q,A
4180,7lqv,H,L,A
4183,7lqw,H,L,C
4184,7lr3,H,L,D
4186,7lr4,H,L,D
4188,7lrs,D,E,C
4189,7lrt,H,L,A
4192,7ls9,H,L,A
4195,7lse,H,L,E
4196,7lsf,H,L,E
4197,7lsg,H,L,C
4198,7lss,H,L,B
4199,7luc,D,E,C
4202,7luc,J,K,A
4205,7lue,H,L,A
4214,7lwd,H,L,A
4215,7lx2,H,L,A
4218,7lx3,H,L,A
4221,7lxm,H,L,A
4224,7lxn,H,L,A
4227,7lxw,H,L,A
4228,7lxx,H,L,A
4229,7lxy,E,D,A
4232,7lxy,H,L,A
4235,7lxz,E,D,A
4238,7lxz,H,J,A
4241,7ly0,H,L,A
4242,7ly2,E,D,A
4245,7ly2,H,L,A
4248,7ly3,D,C,A
4250,7ly9,H,L,K
4251,7m2i,A,B,C
4252,7m2j,A,B,C
4253,7m30,M,N,C
4254,7m3i,H,L,R
4256,7m3l,C,B,A
4257,7m3n,H,L,A
4258,7m42,A,B,E
4259,7m42,D,C,E
4260,7m6d,A,B,C
4261,7m6d,H,L,C
4262,7m6e,H,L,A
4265,7m6f,H,L,A
4267,7m6g,H,L,C
4269,7m6h,D,F,B
4271,7m6i,H,L,C
4273,7m7b,H,L,A
4274,7m7w,A,B,S
4276,7m7w,C,D,S
4278,7m8j,H,L,A
4279,7m8l,G,J,A
4282,7mdj,A,B,C
4283,7mdt,H,L,A
4284,7mdu,H,L,A
4285,7mdu,E,F,A
4286,7mem,H,L,E
4289,7mep,H,L,A
4290,7mep,I,G,E
4293,7mf1,H,L,A
4294,7mhy,M,N,A
4295,7mhy,O,P,A
4296,7mhz,O,P,A
4301,7mjj,D,E,A
4303,7mjk,D,E,A
4306,7mjl,H,L,A
4307,7mjs,H,L,X
4308,7mkl,H,L,A
4309,7mkm,H,L,A
4310,7mlh,C,A,F
4312,7mlu,F,K,E
4317,7mlv,F,K,D
4321,7mlz,H,L,A
4322,7mm0,H,L,A
4323,7mmn,H,L,I
4326,7mmo,A,B,C
4328,7mn8,D,C,B
4329,7mpg,D,E,C
4332,7mrz,X,Y,C
4333,7msq,H,L,A
4335,7mta,H,L,G
4336,7mtb,H,L,G
4337,7mw2,H,L,C
4340,7mw3,H,L,C
4343,7mw4,H,L,C
4346,7mw5,H,L,C
4349,7mw6,H,L,C
4352,7mww,H,L,E
4353,7mwx,A,B,C
4355,7mxd,J,K,F
4358,7mxd,X,Y,F
4359,7mxl,A,B,C
4360,7mxl,H,L,C
4361,7mxl,J,K,C
4362,7mxp,I,K,A
4371,7myz,H,L,C
4373,7mzf,H,L,A
4374,7mzg,H,L,A
4375,7mzi,H,L,A
4376,7mzj,C,D,B
4378,7mzj,N,M,B
4380,7mzk,C,D,B
4382,7mzk,N,M,B
4395,7n0u,H,L,C
4396,7n0v,H,L,C
4397,7n28,C,D,A
4400,7n28,X,Y,F
4401,7n3c,H,L,C
4402,7n3d,H,L,C
4403,7n3i,H,L,C
4404,7n4i,H,L,C
4405,7n4j,H,L,A
4406,7n4l,H,L,A
4407,7n4m,H,L,A
4408,7n5h,H,L,A
4411,7n62,H,L,A
4412,7n8h,E,D,A
4415,7n8h,C,B,A
4418,7n8i,H,L,A
4431,7ncs,H,L,A
4432,7nd0,H,L,A
4433,7nd3,H,L,B
4434,7nd4,H,L,C
4437,7nd5,H,L,B
4438,7nd6,H,L,B
4439,7nd7,H,L,A
4442,7nd8,H,L,B
4443,7nd9,H,L,B
4444,7nda,H,L,C
4445,7ndb,H,L,B
4446,7ndc,H,L,B
4449,7ndd,H,L,B
4452,7neg,H,L,E
4453,7neh,H,L,E
4455,7niu,E,D,A
4456,7niu,C,B,A
4457,7niv,E,D,A
4458,7niv,C,B,A
4459,7niw,C,B,A
4460,7nks,H,L,A
4467,7np1,H,L,A
4474,7nrh,H,L,A
4475,7ntc,H,L,C
4484,7nx6,H,L,E
4485,7nx6,A,B,E
4486,7nx7,H,L,E
4487,7nx7,A,B,E
4488,7nx8,H,L,E
4489,7nx8,A,B,E
4490,7nx9,H,L,E
4491,7nx9,A,B,E
4492,7nxa,H,L,E
4493,7nxa,A,B,E
4494,7nxb,H,L,E
4495,7nxb,A,B,E
4503,7o52,H,L,U
4504,7o9s,H,L,A
4505,7o9w,C,B,A
4514,7oh0,C,B,A
4515,7oh1,E,D,A
4517,7or9,A,B,E
4518,7or9,H,L,E
4519,7ora,A,B,R
4521,7ora,F,G,R
4523,7orb,A,B,R
4525,7orb,H,L,R
4527,7ox1,E,F,Y
4531,7ox2,J,K,N
4535,7ox3,B,A,C
4536,7ox4,A,B,C
4539,7p40,C,D,E
4582,7pc2,O,P,B
4585,7pc2,K,L,A
4588,7phg,H,L,A
4592,7phu,B,C,A
4593,7phu,D,E,A
4594,7phv,B,C,A
4596,7phw,B,C,A
4598,7pi2,B,C,A
4602,7pi3,B,C,A
4606,7pi3,D,E,A
4610,7pi3,a,b,V
4614,7pi7,B,C,A
4617,7pnm,H,L,A
4620,7pnq,H,L,A
4623,7po5,H,L,A
4627,7pqy,H,L,E
4629,7pqz,A,B,E
4630,7pr0,H,L,E
4633,7pry,A,B,I
4635,7pry,H,L,E
4637,7prz,H,L,E
4638,7ps0,H,L,E
4640,7ps1,A,B,E
4641,7ps2,A,B,G
4642,7ps2,H,L,G
4643,7ps4,H,L,E
4645,7ps5,H,L,E
4646,7ps6,H,L,E
4647,7ps6,C,D,E
4648,7ps7,A,B,E
4650,7q0a,Y,Z,B
4651,7q0g,H,L,E
4652,7q0g,A,B,E
4653,7q0h,H,L,E
4654,7q0h,A,B,E
4655,7q0i,H,L,C
4660,7q6c,H,L,A
4661,7q6e,H,L,A
4664,7q9f,H,L,A
4667,7q9g,H,L,A
4669,7q9i,H,L,A
4672,7q9j,H,L,A
4675,7q9k,H,L,C
4677,7q9m,H,L,C
4680,7q9p,H,L,A
4689,7qez,H,L,A
4690,7qf0,H,L,A
4691,7qf1,C,B,A
4694,7qnw,H,L,E
4695,7qnw,A,B,E
4696,7qnx,H,L,E
4697,7qnx,A,B,E
4698,7qny,A,B,E
4699,7qny,H,L,E
4700,7qti,G,H,K
4703,7qti,F,E,A
4704,7qtj,B,C,A
4705,7qtj,F,E,A
4706,7qtk,B,C,D
4707,7qu1,A,B,C
4708,7qu2,A,B,C
4711,7r40,H,L,A
4714,7r58,H,L,A
4715,7r6w,A,B,R
4716,7r6w,H,L,R
4717,7r6x,H,L,R
4718,7r6x,A,B,R
4719,7r6x,C,D,R
4720,7r7n,H,L,E
4721,7r87,C,D,B
4722,7r88,C,D,B
4723,7r89,C,D,B
4724,7r8a,C,D,B
4725,7r8b,C,D,B
4726,7r8l,H,L,E
4727,7r8l,C,D,E
4728,7r8m,H,L,B
4730,7r8n,H,L,A
4733,7r8o,H,L,B
4736,7r9d,H,L,N
4737,7ra8,H,L,A
4740,7rah,B,A,E
4741,7rah,D,C,E
4742,7ral,H,L,B
4743,7rbu,H,L,B
4744,7rbv,H,L,B
4746,7rd5,B,A,F
4748,7rdw,U,V,D
4752,7re7,H,L,A
4753,7rew,A,B,G
4755,7rfb,A,B,C
4757,7rfc,A,B,C
4763,7rks,H,L,R
4765,7rkv,D,H,B
4769,7rq6,H,L,A
4772,7rr0,B,C,A
4773,7rsn,H,L,A
4776,7rso,H,L,A
4779,7rth,B,A,a
4788,7ru3,H,L,A
4790,7ru4,H,L,A
4791,7ru5,H,L,A
4793,7ru8,H,L,C
4794,7rw2,H,L,A
4797,7rxi,H,L,A
4798,7rxj,A,B,G
4800,7rxl,H,L,E
4802,7rxp,H,L,A
4803,7s07,X,Y,A
4805,7s07,H,L,A
4807,7s0b,A,B,F
4809,7s0c,H,L,A
4811,7s0d,H,L,C
4814,7s0e,H,L,A
4815,7s0x,H,L,E
4817,7s11,H,L,C
4821,7s13,H,L,D
4823,7s1b,X,Y,A
4825,7s1b,H,L,A
4826,7s4s,H,L,A
4827,7s5p,H,L,A
4828,7s5q,B,C,A
4829,7s5q,H,L,A
4830,7s5r,B,C,A
4832,7s6j,H,L,A
4835,7s6k,H,L,A
4838,7s6l,H,L,A
4839,7s7i,H,L,A
4848,7sbd,H,L,C
4849,7sbg,H,L,C
4850,7sbu,H,L,A
4851,7sc1,H,L,A
4854,7scn,H,L,B
4860,7sco,H,L,A
4866,7sd3,N,K,B
4869,7sd5,H,L,A
4870,7seg,H,L,C
4872,7sem,B,C,F
4873,7sfv,M,N,B
4877,7sfw,M,N,B
4881,7sg4,H,L,A
4882,7sgf,M,N,C
4885,7sgm,H,L,A
4888,7si2,H,L,A
4891,7sjn,H,L,A
4894,7sjo,H,L,A
4897,7sk3,D,C,A
4898,7sk3,F,E,A
4899,7sk4,D,C,A
4900,7sk4,F,E,A
4901,7sk5,F,E,A
4902,7sk6,F,E,A
4903,7sk7,D,C,A
4904,7sk8,D,C,A
4905,7sk8,F,E,A
4906,7sk9,F,E,A
4907,7sn2,H,L,A
4908,7sn3,D,E,A
4911,7so5,H,L,A
4912,7so7,H,L,A
4914,7so9,E,D,A
4917,7so9,C,B,A
4920,7sob,C,B,A
4923,7sob,G,I,A
4926,7soc,H,L,A
4927,7sod,H,L,A
4928,7soe,B,L,A
4931,7sof,H,L,A
4932,7sq1,H,L,E
4934,7srs,Q,P,R
4939,7st5,H,L,A
4941,7st8,H,L,S
4942,7stf,H,L,A
4943,7stz,H,L,C
4945,7su0,H,L,C
4947,7su1,H,L,C
4948,7swd,J,K,C
4949,7swn,H,L,A
4950,7swo,H,L,A
4951,7swp,H,L,A
4952,7syy,H,L,A
4953,7syz,H,L,A
4954,7t0l,G,K,D
4958,7t0r,H,L,A
4960,7t17,F,G,A
4962,7t2p,H,L,A
4963,7t3d,C,D,A
4969,7t4g,H,L,A
4972,7t4q,F,G,E
4973,7t4q,H,I,D
4974,7t4q,J,K,A
4975,7t4r,G,H,B
4977,7t4r,J,I,B
4979,7t4s,J,K,A
4980,7t4s,H,I,D
4981,7t5o,H,L,C
4982,7t7b,H,L,A
4983,7t87,H,L,A
4985,7t9m,H,L,R
4986,7t9n,H,L,R
4987,7tas,H,L,E
4988,7tat,H,L,A
4991,7tb8,D,E,A
4994,7tb8,H,L,A
4995,7tbf,D,E,A
4996,7tbf,H,L,A
4997,7tc9,H,L,B
4998,7tca,H,L,B
5000,7tcc,F,G,B
5003,7tcc,H,L,B
5006,7tdm,H,L,B
5007,7tdn,H,L,B
5008,7te1,H,L,D
5010,7te6,C,D,B
5012,7te9,H,L,D
5014,7teb,H,L,D
5016,7tee,H,L,D
5018,7teq,H,L,B
5020,7ter,H,L,B
5022,7tes,H,L,B
5024,7tet,H,L,B
5026,7tfn,H,L,A
5034,7the,B,C,A
5035,7tht,H,L,C
5038,7tjq,H,L,F
5041,7tjq,I,M,F
5044,7tl0,D,E,A
5047,7tl0,N,O,A
5050,7tly,A,B,I
5051,7tlz,B,A,J
5052,7tm0,J,K,B
5055,7tm0,E,D,C
5058,7tn0,B,A,I
5060,7tn0,H,G,I
5062,7tn9,A,B,U
5065,7tn9,Q,R,W
5068,7tn9,G,H,T
5070,7tp3,H,L,Z
5071,7tp4,H,L,Z
5072,7tpg,H,L,B
5073,7tpj,H,L,B
5079,7tr4,H,L,A
5080,7trh,H,B,G
5081,7tri,Z,Y,B
5082,7ttm,H,L,A
5083,7ttx,H,L,A
5084,7tty,H,L,A
5085,7tuf,A,B,C
5087,7tug,H,L,D
5088,7txw,H,L,A
5089,7txz,E,F,A
5091,7ty0,K,O,C
5093,7tz5,I,L,A
5100,7u0d,M,N,B
5101,7u0d,O,P,B
5102,7u2d,H,L,A
5103,7u2e,H,L,A
5104,7u5b,H,L,I
5106,7u8e,H,L,A
5107,7u8g,D,E,A
5108,7u8j,H,L,A
5110,7u8l,H,L,A
5112,7u8m,F,E,G
5118,7u8m,Q,R,A
5121,7u9g,I,F,A
5124,7u9o,H,L,A
5125,7u9p,H,L,A
5126,7uap,M,N,B
5129,7uaq,H,L,A
5130,7uar,D,E,A
5137,7ucf,H,L,G
5138,7ucf,D,E,G
5139,7ucg,J,K,I
5142,7ucg,C,F,I
5145,7uds,F,G,A
5148,7ue9,H,L,C
5149,7ued,H,L,M
5150,7ugp,I,L,C
5153,7ugp,O,R,C
5156,7ugq,I,L,C
5159,7ugq,N,Q,B
5162,7uij,H,L,C
5164,7ul0,H,L,A
5165,7ul1,H,L,A
5168,7ul7,H,L,a
5171,7umm,H,L,A
5174,7unb,F,E,R
5175,7unb,H,L,R
5180,7uop,H,L,A
5183,7up9,H,L,G
5184,7upb,B,E,A
5187,7upd,B,E,A
5190,7upk,H,L,D
5193,7upl,F,I,A
5196,7upw,H,L,C
5199,7upx,H,L,A
5200,7upy,H,L,B
5203,7ur4,I,J,A
5206,7ura,H,L,A
5207,7urc,H,L,A
5208,7urd,H,L,A
5209,7ure,H,L,A
5210,7urf,O,P,A
5211,7urq,H,L,A
5212,7urs,H,L,A
5214,7urx,H,L,C
5215,7usl,H,L,C
5219,7uvf,H,L,A
5221,7uvh,A,B,C
5223,7uvi,A,B,C
5225,7uvo,A,B,C
5226,7uvs,A,B,C
5228,7uxl,F,E,R
5229,7uxl,A,B,R
5230,7uym,H,L,K
5231,7uz4,H,L,A
5234,7uz5,H,L,A
5235,7uz6,H,L,A
5238,7uz7,H,L,A
5241,7uz8,H,L,A
5244,7uz9,H,L,A
5247,7uza,H,L,A
5248,7uzb,H,L,A
5249,7uzc,H,L,A
5251,7uzd,H,L,A
5252,7v05,A,a,X
5266,7v0n,G,H,b
5270,7v0p,E,F,c
5274,7v2a,E,D,A
5278,7vad,H,L,A
5279,7vae,H,L,A
5280,7vaf,H,L,A
5281,7vag,H,L,A
5283,7vgr,D,C,A
5285,7vgs,D,C,A
5287,7vn9,H,L,E
5289,7vng,H,L,D
5294,7vux,H,L,A
5295,7vyr,H,L,R
5297,7vyt,H,L,T
5300,7w71,H,L,A
5302,7wb5,H,L,R
5303,7wbh,U,V,A
5306,7wbz,H,L,A
5311,7we7,H,L,D
5314,7we8,H,L,A
5315,7we9,H,L,A
5318,7wea,H,L,A
5320,7web,H,L,B
5322,7wec,H,L,A
5325,7wed,H,L,E
5326,7wee,H,L,E
5327,7wef,C,L,E
5328,7wg3,H,D,L
5332,7wgd,H,L,A
5333,7wgt,H,L,A
5334,7wh8,B,A,C
5335,7whb,D,E,A
5338,7whd,D,E,C
5341,7wjy,E,F,D
5343,7wjz,A,C,B
5349,7wk8,C,D,A
5350,7wk9,c,d,C
5352,7wka,a,b,B
5355,7wkx,B,D,E
5357,7wlc,H,L,E
5358,7wlw,H,L,A
5359,7wly,P,O,B
5361,7wlz,P,O,B
5362,7wm0,L,H,B
5365,7wn2,H,L,R
5367,7wn8,H,L,A
5369,7wnb,H,L,R
5370,7wo4,F,G,A
5376,7wo5,F,G,A
5379,7wo7,A,B,C
5380,7woa,D,B,A
5382,7wob,D,B,A
5385,7woc,A,B,C
5386,7won,H,L,F
5417,7wp0,H,L,F
5418,7wp1,H,L,F
5419,7wp2,H,L,F
5420,7wp5,H,L,F
5421,7wpd,X,Y,A
5422,7wpe,X,Y,B
5424,7wpf,X,Y,A
5427,7wph,H,L,B
5437,7wr8,A,B,R
5438,7wrl,A,B,R
5439,7wro,H,L,R
5440,7wrv,U,V,C
5441,7wrz,H,L,R
5442,7ws0,E,D,A
5445,7ws1,E,D,A
5449,7ws2,E,D,A
5450,7ws3,E,D,A
5453,7ws4,I,H,C
5454,7ws5,E,D,A
5457,7ws6,I,H,C
5458,7ws7,K,J,B
5460,7wsi,H,L,A
5461,7wsl,H,L,D
5462,7wt7,H,D,C
5463,7wt8,H,D,C
5465,7wt9,H,A,E
5466,7wtf,H,L,B
5469,7wtg,H,L,E
5470,7wth,H,L,E
5471,7wti,H,L,A
5474,7wtj,H,L,E
5475,7wtk,H,L,C
5478,7wue,E,F,B
5480,7wuh,H,I,E
5483,7wur,E,F,A
5486,7wvl,H,L,F
5487,7wvm,A,B,E
5489,7wwi,E,D,A
5492,7wwj,G,F,B
5494,7wwk,G,F,B
5496,7wwl,J,N,A
5499,7wwm,H,L,A
5502,7x08,H,L,A
5505,7x1m,A,B,M
5506,7x1m,H,L,M
5507,7x1m,C,D,M
5508,7x25,A,C,G
5511,7x26,H,K,I
5512,7x28,C,D,F
5514,7x29,H,K,B
5516,7x2a,H,K,A
5517,7x2h,A,B,E
5519,7x2i,H,L,B
5521,7x2k,H,L,E
5525,7x2o,H,L,B
5526,7x2t,H,L,C
5527,7x2w,H,L,C
5528,7x3c,H,L,C
5529,7x3c,F,E,B
5530,7x3d,H,L,B
5531,7x3e,H,L,B
5532,7x40,H,L,C
5533,7x42,H,L,C
5534,7x46,H,L,B
5535,7x47,H,L,B
5536,7x49,H,L,C
5541,7x4m,H,L,C
5542,7x63,H,L,R
5543,7x66,H,L,R
5544,7x6a,I,K,A
5547,7x6l,H,L,C
5553,7x6o,J,L,F
5562,7x7o,G,I,A
5566,7x7t,C,D,G
5567,7x7t,H,L,G
5568,7x7t,A,B,G
5569,7x7u,C,D,G
5570,7x7u,H,L,G
5571,7x7u,A,B,G
5572,7x7v,C,D,E
5573,7x7v,H,L,E
5574,7x7v,A,F,E
5575,7x8p,C,B,A
5577,7x8q,C,B,A
5579,7x8t,F,E,D
5583,7xck,A,B,M
5584,7xco,H,L,A
5587,7xcz,D,E,A
5588,7xcz,B,C,A
5589,7xd2,D,J,C
5592,7xda,D,E,A
5593,7xda,B,C,A
5594,7xdb,E,D,A
5597,7xdk,D,E,A
5600,7xdk,F,G,A
5603,7xdl,I,H,A
5606,7xdl,M,L,A
5609,7xjf,A,B,C
5610,7xmx,H,I,A
5613,7xmz,D,E,A
5616,7xnf,H,L,A
5617,7xod,X,Y,A
5621,7xrz,H,L,X
5623,7xs8,A,L,E
5624,7xsa,H,I,J
5626,7xsb,H,L,E
5630,7xsc,A,B,E
5632,7xst,D,E,A
5635,7xst,F,G,A
5638,7xsw,H,L,R
5640,7xxl,A,C,B
5641,7xy8,H,L,A
5643,7y0c,A,B,R
5645,7y0o,H,L,A
5647,7y0v,H,L,R
5648,7y0w,A,B,R
5649,7y0w,H,L,R
5650,7y6k,J,I,B
5652,7y71,O,P,A
5653,7y72,O,P,A
5654,7y7j,E,D,A
5655,7y7k,B,C,A
5656,7y7m,F,G,C
5657,7yad,C,D,E
5659,7yc5,G,D,C
5662,7yck,C,D,A
5664,7ycl,A,B,R
5666,7ycn,E,F,A
5670,7ydy,H,L,A
5671,7ye5,H,L,A
5672,7ye9,H,L,A
5675,7yeg,H,L,A
5678,7ykj,A,D,B
5680,7yms,F,E,A
5681,7yow,H,L,R
5683,7yqx,H,F,B
5685,7yqy,H,F,B
5688,7yqz,I,G,A
5690,7yr0,C,B,A
5691,7yr1,H,L,A
5694,7yrf,F,E,C
5695,7yrh,F,E,A
5696,7yru,H,L,A
5697,7yv7,F,E,A
5698,7yxu,H,L,A
5705,7z12,B,C,A
5706,7z2m,H,L,I
5710,7z4t,H,L,I
5729,7zbu,H,L,A
5734,7zf3,A,B,E
5735,7zf3,H,L,E
5736,7zf4,H,L,E
5738,7zf5,G,I,A
5740,7zf5,B,C,A
5742,7zf8,H,L,E
5743,7zf9,A,B,C
5745,7zfa,H,L,A
5749,7zfa,Q,R,A
5753,7zfb,C,D,F
5755,7zfb,J,K,F
5759,7zfc,H,L,E
5760,7zfc,A,B,E
5762,7zfd,A,B,F
5764,7zfe,J,K,A
5772,7zlg,H,L,A
5773,7zlh,H,L,A
5774,7zli,H,L,A
5775,7zlj,H,L,A
5776,7zlk,Q,R,C
5779,7zlk,S,T,C
5781,7zmk,G,H,I
5789,7zoz,H,L,A
5790,7zr7,D,E,A
5793,7zr8,H,L,A
5794,7zr9,H,L,A
5798,7zrc,J,K,A
5802,7zwi,E,F,D
5804,7zwm,B,C,A
5806,7zwm,D,E,A
5808,7zxu,H,L,E
5810,7zyi,H,L,A
5811,8a1e,D,E,A
5812,8a1e,B,C,A
5815,8a94,R,O,A
5818,8a96,K,J,C
5819,8a99,R,O,A
5822,8ahn,H,L,A
5825,8as0,E,D,F
5833,8as2,H,L,A
5834,8as3,H,L,A
5835,8ath,E,F,B
5841,8bbo,H,L,R
5842,8be1,A,B,C
5844,8bh5,H,L,E
5846,8bk2,H,L,A
5849,8blq,A,B,D
5850,8blq,E,C,D
5851,8bse,H,L,A
5852,8bsf,H,L,A
5853,8byu,H,L,A
5854,8c7h,L,K,I
5861,8caf,B,A,H
5868,8cdd,E,D,B
5869,8cde,D,C,B
5883,8cim,D,E,A
5888,8ct6,J,K,C
5890,8cw9,C,D,A
5893,8cw9,G,M,A
5896,8cwj,A,B,I
5898,8cwj,J,K,G
5900,8cwk,H,L,C
5901,8cwk,A,B,C
5903,8cwv,H,L,A
5905,8cxc,H,L,M
5932,8cyh,H,L,M
5937,8cz5,H,L,A
5942,8d0y,D,E,B
5943,8d0y,H,L,G
5944,8d0z,H,L,A
5945,8d48,H,L,A
5946,8d7e,F,G,C
5947,8d8q,H,L,A
5948,8d8q,C,B,A
5949,8d8r,H,L,A
5952,8db4,C,D,E
5954,8db4,A,B,E
5956,8dbz,B,C,A
5957,8dbz,D,E,A
5958,8dcc,H,L,E
5960,8dcn,A,B,C
5962,8de3,B,C,A
5963,8ded,H,L,K
5965,8def,S,T,G
5967,8deq,H,L,F
5968,8der,X,Y,B
5971,8df1,U,V,F
5977,8df5,H,L,R
5979,8df5,A,B,R
5981,8dfg,H,L,A
5983,8dfh,H,L,A
5984,8dfi,H,L,A
5989,8dg8,H,L,B
5990,8dg9,H,L,A
5994,8dke,A,B,P
5995,8dki,A,B,P
5996,8dkm,A,B,P
5997,8dkw,A,B,P
5998,8dkx,A,B,P
5999,8dl6,D,C,A
6000,8dlr,H,L,A
6001,8dls,H,L,A
6002,8dlw,H,L,A
6007,8dm3,H,L,A
6010,8dm4,H,L,A
6011,8dmh,J,I,C
6014,8dmj,D,E,C
6016,8dnn,B,C,A
6018,8dpl,A,B,D
6024,8dpm,D,E,A
6032,8ds5,C,B,A
6033,8dt3,H,L,C
6036,8dtk,C,B,A
6037,8dto,G,H,E
6040,8dua,H,L,B
6046,8dul,H,L,A
6047,8dun,H,L,G
6050,8dw2,D,C,B
6051,8dw2,H,L,B
6052,8dw3,D,C,B
6053,8dw3,H,L,B
6054,8dw9,H,L,A
6056,8dwa,H,L,A
6057,8dwo,H,L,B
6060,8dww,H,L,N
6064,8dwx,H,L,P
6068,8dwy,H,L,P
6072,8dxs,H,L,A
6075,8dxu,H,L,R
6076,8dxu,A,B,R
6078,8dzh,E,D,A
6081,8dzi,B,D,A
6085,8e1g,H,L,A
6087,8e2u,H,L,A
6088,8e6j,H,L,A
6092,8e6k,H,L,A
6096,8e7m,H,L,A
6097,8e8l,H,L,1
6098,8e8r,H,L,1
6099,8e8s,H,L,1
6100,8e8x,H,L,1
6101,8e8y,H,L,1
6102,8e8z,H,L,1
6104,8eay,H,L,A
6105,8eb2,N,O,G
6108,8ebp,H,L,A
6110,8edf,H,L,A
6111,8ee0,H,L,A
6112,8ee1,B,C,A
6114,8eed,H,L,A
6118,8eee,H,L,E
6120,8eeu,H,L,A
6121,8eev,H,L,A
6124,8eh5,H,L,G
6127,8ek1,H,L,P
6130,8eka,H,L,P
6133,8el2,H,L,A
6135,8elj,S,T,B
6138,8elp,H,L,A
6144,8eoo,A,B,C
6146,8eoo,H,L,C
6148,8epa,H,L,I
6149,8epa,A,B,I
6150,8eq6,H,L,A
6151,8err,H,L,A
6154,8euq,C,D,A
6156,8euu,I,J,D
6159,8euv,I,J,D
6162,8euw,I,J,D
6166,8ez3,H,L,A
6167,8ez7,H,L,A
6168,8ez8,H,L,A
6173,8f0g,X,Y,C
6174,8f0h,B,D,C
6175,8f0h,H,L,C
6176,8f0i,C,D,A
6179,8f5n,H,L,A
6180,8f60,A,B,C
6181,8f6l,A,B,C
6182,8f6o,A,B,C
6186,8fah,H,L,A
6189,8fe3,H,L,B
6192,8fe4,H,L,B
6195,8fgx,B,A,C
6196,8flw,H,L,C
6197,8fr6,J,K,F
6200,8fxb,H,L,E
6201,8fxc,H,L,E
6202,8g30,E,F,M
6206,8g3m,E,F,G
6209,8g3n,E,F,G
6213,8g3o,E,F,H
6216,8g3p,C,I,B
6220,8g3q,C,B,G
6223,8g3r,C,B,G
6224,8g3z,H,L,C
6228,8g40,A,L,G
6231,8g4m,D,E,A
6234,8g4t,H,L,F
6237,8g85,F,I,B
6240,8g9w,H,L,E
6241,8g9x,H,L,O
6242,8g9y,H,L,D
6243,8gas,H,L,B
6246,8gf2,C,D,A
6248,8gf2,H,L,A
6250,8gh4,H,L,E
6251,8ghp,H,L,A
6254,8gje,H,L,A
6257,8gjn,A,B,C
6258,8gng,H,L,A
6260,8gnh,H,L,B
6263,8go8,H,L,A
6265,8gp5,E,F,X
6266,8gpg,A,B,Z
6269,8gpj,D,E,V
6272,8gpt,H,I,C
6275,8gpx,H,L,E
6278,8gq1,H,L,C
6295,8grr,H,L,2
6296,8gsc,H,L,1
6297,8gsd,H,L,1
6299,8gse,H,L,1
6301,8gsf,H,L,A
6305,8gsp,H,L,3
6306,8gv5,C,D,A
6308,8gv6,G,H,C
6312,8gv7,C,D,A
6315,8gzz,E,D,A
6317,8h00,E,D,A
6320,8h01,E,D,A
6323,8h07,E,J,C
6326,8h07,N,O,C
6329,8h08,D,J,C
6332,8h08,N,O,C
6344,8hc2,H,L,B
6345,8hc3,H,L,B
6347,8hc4,F,J,A
6350,8hc4,D,E,A
6353,8hc5,H,L,C
6354,8hc5,D,E,C
6355,8hc8,H,L,C
6356,8hc9,F,G,A
6359,8hca,F,G,A
6362,8hcb,F,G,A
6365,8heb,E,D,A
6368,8hec,E,D,A
6371,8hed,G,F,B
6372,8hes,H,L,C
6373,8hgl,H,L,A
6376,8hgm,C,D,B
6377,8hhx,F,G,B
6379,8hhy,F,W,B
6382,8hhz,E,F,B
6385,8hii,H,L,A
6386,8hij,H,L,A
6387,8hik,H,L,A
6388,8hlb,B,C,A
6389,8hlb,D,E,A
6392,8hs2,B,C,R
6393,8i5h,H,L,R
6396,8i5i,H,L,R
6397,8idn,H,L,A
6398,8il3,B,A,C
6399,8itu,E,D,A
6402,8iv4,A,B,G
6403,8iv4,H,L,G
6404,8iv5,H,L,G
6405,8iv5,A,B,G
6406,8iv8,H,L,G
6407,8iv8,C,D,G
6408,8iva,C,E,G
6409,8iva,H,L,G
6410,8ivx,H,L,A
6411,8ix3,H,L,G
6412,8j1t,H,K,F
6413,8j1v,H,K,A
6417,8j7e,A,B,F
6419,8ol9,B,A,H
6420,8oxv,B,C,A
6421,8oxw,B,C,A
6422,8oxx,B,C,A
6423,8oxy,B,C,A
6424,8pe9,H,L,A
6425,8s9g,H,L,E
6426,8sak,H,L,B
6428,8slb,H,L,A
6429,8smt,A,B,C
6433,8so3,Y,Z,X
6435,8sr0,Y,Z,X
6437,8szy,C,D,U
6439,8szy,I,M,U
6441,8t7a,H,I,c
6444,8t9z,H,L,A
6445,8tfr,A,B,C
6446,8tm1,H,L,A
6448,8tp2,H,L,C
6449,8tp3,H,L,C
6450,8tp4,H,L,C
6451,8tp5,E,F,C
6454,8tp6,H,L,A
6457,8tp7,D,F,A
6460,8tp9,H,L,A
6463,8tpa,I,J,G
6466,8trs,A,G,D
6467,8trt,A,G,E
6469,8ttw,K,L,J
6472,8ttw,Q,R,I
6475,8ucd,H,L,C
6476,8udg,H,L,A
6478,8w83,A,B,C
6486,8w84,A,B,C
6488,8w85,A,B,C
6490,8w86,A,B,C
6492,8x0t,H,L,A
6493,7quh,H,L,A
6507,7rai,I,M,C
6512,7rco,F,E,A
6514,7rfp,H,L,A
6518,7rp0,A,B,C
6519,7rp2,H,I,A
6520,7rp3,H,I,A
6521,7rxc,H,L,N
6523,7rxd,H,L,N
6528,7s6c,E,G,A
6530,7s6d,E,G,A
6532,7s8h,H,L,a
6533,7s8h,B,C,A
6534,7sa6,H,L,A
6542,7sbz,A,B,D
6544,7sht,H,L,B
6546,7shu,E,F,B
6548,7shy,C,D,A
6552,7shz,C,D,A
6556,7si0,I,J,G
6560,7sj0,B,L,A
6564,7soa,H,L,A
6565,5vk2,D,E,c
6571,1bgx,H,L,T
6572,1ncd,H,L,N
6573,1w72,I,M,D
6576,2bdn,H,L,A
6577,2hlf,C,D,A
6579,2ht2,C,D,A
6581,2ht3,C,D,A
6583,2ht4,C,D,A
6585,2htk,C,D,A
6587,2htl,C,D,A
6589,2ltq,C,B,A
6591,2r6p,D,E,A
6593,2r9h,E,F,B
6595,3cx5,U,V,P
6597,3det,C,D,A
6612,3gbm,H,L,A
6616,3gbn,H,L,A
6618,3gjf,H,L,A
6620,3h42,H,L,A
6622,3ixx,G,H,A
6624,3ixy,G,H,A
6626,3j3o,H,L,1
6627,3j3p,H,L,1
6628,3j42,G,H,E
6631,3j5m,D,C,A
6634,3j6u,H,L,A
6640,3ldb,C,B,A
6641,3ncy,P,S,B
6645,3o0r,H,L,B
6647,3opz,H,L,A
6654,3pgf,H,L,A
6655,3pjs,D,C,K
6659,3qwo,H,L,P
6661,3rhw,F,N,B
6666,3ri5,I,O,D
6671,3ria,I,O,D
6676,3rif,I,O,D
6681,3s36,H,L,X
6682,3s88,H,L,J
6684,3sdy,H,L,A
6686,3so3,C,B,A
6687,3sob,H,L,B
6688,3sqo,H,L,A
6689,3stl,A,B,C
6690,3stz,A,B,C
6691,3t3m,H,L,A
6693,3t3p,E,F,C
6695,3tyg,H,L,A
6696,3u2s,H,L,G
6698,3u4e,H,L,G
6700,3u7y,H,L,G
6701,3ubx,H,L,A
6703,3ulv,H,L,A
6704,3ulv,D,C,A
6705,3ulv,F,E,A
6706,3v4v,M,N,D
6708,3v6z,A,B,F
6710,3ve0,A,B,J
6712,3vi3,F,E,B
6714,3vi4,F,E,B
6716,3w12,C,D,E
6717,3w13,C,D,E
6718,3wd5,H,L,A
6719,3wfb,H,L,B
6721,3wfc,H,L,B
6723,3wfd,H,L,B
6725,3wfe,H,L,B
6727,3whe,O,P,B
6739,3wkm,H,L,A
6741,3wlw,C,D,A
6743,3zdx,H,L,A
6745,3zdy,H,L,A
6747,3zdz,H,L,A
6749,3ze0,H,L,A
6751,3ze1,H,L,A
6753,3ze2,H,L,C
6755,3ztj,G,H,B
6758,3ztn,H,L,A
6760,3zkm,H,L,A
6762,3zkn,H,L,A
6764,4aei,H,L,A
6767,4al8,H,L,C
6768,4ala,H,L,C
6769,4am0,C,D,T
6773,4bz1,H,L,A
6774,4bz2,H,L,A
6775,4c2i,H,L,C
6777,4cad,E,D,F
6781,4cni,H,L,C
6783,4d9q,E,D,B
6785,4d9r,E,D,B
6787,4dgi,H,L,A
6788,4dke,H,L,A
6790,4dkf,H,L,A
6792,4dn4,H,L,M
6793,4dqo,H,L,C
6794,4dvr,H,L,G
6795,4edw,H,L,V
6798,4ene,C,D,A
6800,4ers,H,L,A
6801,4f15,K,L,J
6805,4f37,H,L,A
6807,4f3f,B,A,C
6808,4ffv,D,C,B
6810,4ffw,D,C,B
6812,4ffy,H,L,A
6813,4ffz,Z,Y,X
6815,4fg6,E,F,B
6817,4fqi,H,L,A
6819,4fqj,H,L,A
6820,4fqk,E,F,C
6822,4g3y,H,L,C
6823,4gms,I,M,C
6832,4h88,H,L,A
6833,4hc1,H,L,A
6835,4hcr,H,L,A
6843,4hf5,H,L,A
6844,4hfu,H,L,A
6845,4hg4,P,Q,D
6854,4hj0,C,D,B
6856,4hjg,B,A,H
6858,4hjj,H,L,A
6859,4hkx,A,B,E
6860,4hkz,B,A,H
6862,4hlz,G,H,B
6868,4i18,H,L,C
6870,4i2x,D,C,F
6872,4i3r,H,L,G
6873,4i3s,H,L,G
6874,4i77,H,L,Z
6875,4i9w,E,D,A
6877,4idj,H,L,A
6878,4iof,E,F,B
6880,4ioi,B,A,H
6882,4irz,H,L,A
6883,4j4p,H,L,A
6885,4jdt,H,L,G
6886,4jkp,H,L,G
6887,4jlr,H,L,S
6889,4jm2,D,C,E
6890,4jm2,A,B,E
6891,4jpk,H,L,A
6892,4jqi,H,L,A
6893,4jr9,H,L,A
6894,4jre,H,L,D
6896,4jzj,H,L,C
6898,4k24,H,L,U
6899,4k3j,H,L,B
6900,4k8r,H,L,B
6901,4k8r,D,C,B
6902,4k9e,H,L,C
6907,4kht,H,L,A
6908,4ki5,C,D,M
6909,4ki5,E,F,M
6910,4kjp,C,D,A
6912,4kjq,C,D,A
6914,4kjw,C,D,A
6916,4kk5,C,D,A
6918,4kk6,C,D,A
6920,4kk8,C,D,A
6922,4kk9,C,D,A
6924,4kka,C,D,A
6926,4kkb,C,D,A
6928,4kkc,C,D,A
6930,4kkl,C,D,A
6932,4kvn,H,L,A
6933,4l5f,H,L,E
6934,4lbe,A,B,C
6935,4lcu,A,B,C
6936,4leo,A,B,C
6937,4lf3,B,A,C
6939,4liq,H,L,E
6940,4lou,C,D,A
6942,4lqf,H,L,A
6943,4lvh,K,L,J
6947,4lvn,C,B,A
6948,4lvo,C,B,A
6949,4m1c,E,F,B
6951,4m1g,H,L,A
6953,4m48,H,L,A
6954,4ma7,H,L,A
6955,4ma8,H,L,C
6956,4mhh,H,L,E
6959,4mhj,K,J,G
6967,4mqx,E,F,B
6969,4msw,A,B,C
6970,4mxv,H,L,A
6973,4mxw,H,L,A
6985,4nhh,C,Q,O
6989,4nm8,H,L,A
6995,4np4,H,L,A
7003,4oga,C,D,E
7004,4ogx,H,L,A
7005,4ogy,H,L,A
7007,4oly,H,L,G
7008,4oqt,H,L,A
7014,4p59,H,L,A
7015,4p9h,H,L,G
7016,4pd4,J,K,E
7022,4ps4,H,L,A
7023,4py8,I,J,A
7026,4r0l,H,L,D
7028,4rrp,L,F,R
7034,4tnw,V,Z,R
7044,4uif,K,L,C
7047,4uih,F,G,C
7049,4uuj,A,B,C
7050,4uv7,H,L,A
7052,4xnq,H,L,C
7057,4ywg,I,M,Q
7059,5a1z,K,L,C
7070,5b3j,H,L,D
7076,5c7x,M,N,B
7078,5cjo,H,L,A
7079,5cjs,H,L,C
7083,5cws,H,G,K
7087,5d1q,B,A,E
7089,5d1x,B,A,E
7091,5d1z,D,C,I
7095,5dwu,H,L,A
7100,5eii,H,L,G
7105,5fhx,H,L,A
7106,5fuu,M,N,F
7113,5gux,H,L,B
7115,5h30,I,M,C
7118,5h32,I,M,C
7121,5hys,A,B,G
7125,5i5k,X,Y,A
7127,5i6x,B,C,A
7128,5i6z,B,C,A
7129,5i71,B,C,A
7130,5i73,B,C,A
7131,5i74,B,C,A
7132,5i75,B,C,A
7137,5jxe,D,C,B
7139,5k59,E,F,B
7178,5oca,H,L,A
7180,5occ,H,L,A
7189,5t1d,H,L,B
7190,5t5f,H,L,A
7191,5wob,U,V,G
7199,7m7j,C,D,A
7203,7mdp,H,I,A
7210,7mfg,E,F,C
7220,7mgw,B,C,A
7221,7mhr,A,B,C
7222,7mhx,A,B,C
7223,7mjt,A,B,C
7224,7mk6,A,B,C
7225,7mly,F,K,D
7229,7mnl,K,M,B
7231,7mnm,K,M,B
7233,7mnn,H,L,A
7235,7mno,H,L,A
7237,7mub,A,B,C
7238,7mxe,H,L,D
7244,7mxe,R,W,J
7245,7n0a,B,A,C
7246,7n64,H,L,A
7248,7n65,C,D,A
7251,7n8q,H,L,G
7252,7n8q,C,D,A
7268,7neq,D,C,B
7270,7nez,D,C,B
7272,7nfd,D,C,B
7293,7nwl,D,E,B
7296,7nx3,B,C,F
7298,7o85,H,I,G
7330,7pa8,O,F,E
7335,7pa9,K,L,D
7355,7pg8,I,G,K
7363,7pgb,R,S,T
7389,5yy5,H,L,A
7391,5zxv,H,L,A
7395,6b70,C,D,A
7399,6b7z,C,D,A
7401,6bf7,C,D,A
7403,6bf9,C,D,A
7405,6bsp,A,B,D
7407,6bt3,B,A,N
7411,6c5v,H,L,A
7414,6cnv,H,L,A
7418,6dfi,H,L,E
7419,6dfj,H,L,E
7420,6djp,E,F,B
7427,6eti,D,C,B
7431,6ewb,E,F,A
7441,6feq,D,C,B
7445,6fgb,H,L,A
7458,6hjp,G,H,B
7464,6hjq,G,H,B
7470,6id4,H,L,A
7474,6jhq,D,E,C
7475,6jhr,E,D,C
7476,6jhs,E,D,C
7477,6jht,E,D,C
7489,6mlk,H,L,A
7490,6okm,H,L,R
7491,6okn,A,B,R
