,Unnamed: 0,pdb,Hchain,Lchain,antigen_chain
2034,4664,7q9f,H,L,A
294,496,3grw,H,L,A
359,629,3qa3,B,A,E
2586,5932,8cyh,H,L,M
2028,4652,7q0g,A,B,E
2392,5457,7ws6,I,H,C
2111,4817,7s11,H,L,C
743,1590,5n0a,H,L,A
1127,2517,6n5d,C,D,A
2536,5772,7zlg,H,L,A
2811,6437,8szy,C,D,U
1718,3903,7kde,H,L,G
244,398,2yc1,A,B,C
59,105,1nby,B,A,C
75,126,1ors,B,A,C
253,413,3a6b,H,L,Y
2020,4642,7ps2,H,L,G
2171,4948,7swd,J,K,C
1867,4259,7m42,D,C,E
1518,3452,7chb,H,L,R
2529,5749,7zfa,Q,R,A
623,1255,5dfv,C,D,A
2511,5691,7yr1,H,L,A
2140,4894,7sjo,H,L,A
2430,5528,7x3c,H,L,C
801,1717,5udd,J,P,A
2789,6405,8iv5,A,B,G
1567,3564,7d3l,H,L,2
1693,3828,7jx3,H,L,R
1501,3422,7bxa,H,L,P
800,1714,5udc,H,L,F
2573,5861,8caf,B,A,H
1126,2516,6n5b,H,L,B
1735,3944,7khf,H,B,C
1675,3791,7jmp,H,L,A
1866,4258,7m42,A,B,E
2259,5121,7u9g,I,F,A
251,410,2zuq,C,B,A
2669,6112,8ee1,B,C,A
2170,4947,7su1,H,L,C
1692,3827,7jx3,C,D,R
268,448,3cvh,H,L,A
318,550,3jcc,C,B,A
1403,3184,6xc3,H,L,C
2949,6787,4dgi,H,L,A
1989,4523,7orb,A,B,R
1730,3934,7kfv,H,L,A
2520,5729,7zbu,H,L,A
2883,6634,3j6u,H,L,A
589,1179,5a8h,F,E,A
683,1408,5hi5,H,L,B
1146,2556,6nmt,B,A,C
1239,2758,6q23,H,L,A
2622,6001,8dls,H,L,A
2221,5044,7tl0,D,E,A
768,1654,5t3s,D,E,B
988,2136,6cyf,C,D,A
100,165,1tpx,B,C,A
2913,6706,3v4v,M,N,D
289,490,3g6d,H,L,A
104,170,1tzi,B,A,V
1707,3878,7k90,H,L,B
616,1239,5d70,H,L,A
2320,5252,7v05,A,a,X
2002,4596,7phw,B,C,A
1787,4066,7lab,H,L,C
1891,4301,7mjj,D,E,A
2808,6429,8smt,A,B,C
1538,3486,7cwl,H,L,A
3053,7008,4oqt,H,L,A
2058,4714,7r58,H,L,A
1435,3247,6xy2,H,L,A
1099,2458,6mej,A,B,C
1486,3393,7bek,H,L,E
2128,4854,7scn,H,L,B
1860,4250,7ly9,H,L,K
2541,5779,7zlk,S,T,C
975,2103,6ch9,Q,R,G
2063,4719,7r6x,C,D,R
1753,3986,7kpj,A,B,E
1597,3633,7e5o,H,L,A
714,1507,5kem,D,E,A
1661,3762,7fej,H,L,2
1696,3843,7k4n,H,L,A
3080,7106,5fuu,M,N,F
1984,4515,7oh1,E,D,A
1148,2559,6nmv,H,L,S
1757,3994,7kqg,B,C,A
1660,3761,7fei,H,L,2
1726,3923,7kf9,G,J,A
958,2078,6bkb,H,L,E
1178,2605,6ol7,E,D,C
1242,2767,6qex,C,B,A
1627,3696,7eh5,H,L,A
479,913,4r4n,J,K,I
2122,4838,7s6l,H,L,A
3107,7225,7mly,F,K,D
646,1302,5f3b,E,F,D
891,1949,5xaj,E,C,A
1734,3942,7kgv,C,E,B
2254,5107,7u8g,D,E,A
543,1071,4xvt,H,L,G
57,103,1n6q,H,L,B
2325,5281,7vag,H,L,A
1290,2924,6ujc,E,F,A
1793,4074,7lbg,H,G,A
2578,5890,8cw9,C,D,A
908,1989,5zs0,B,A,C
1119,2492,6mvl,H,L,A
986,2132,6cxc,G,J,B
1325,3013,6vlw,H,L,G
2548,5802,7zwi,E,F,D
2230,5065,7tn9,Q,R,W
2447,5567,7x7t,H,L,G
1848,4221,7lxm,H,L,A
2036,4669,7q9i,H,L,A
2491,5653,7y72,O,P,A
2008,4617,7pnm,H,L,A
2069,4725,7r8b,C,D,B
2183,4972,7t4q,F,G,E
1680,3796,7jr7,E,F,B
2897,6684,3sdy,H,L,A
257,425,3b2v,H,L,A
1583,3613,7dm1,D,C,A
482,924,4rau,B,A,C
1856,4241,7ly0,H,L,A
2826,6467,8trt,A,G,E
2153,4911,7so5,H,L,A
1173,2597,6ohg,C,B,A
2982,6862,4hlz,G,H,B
2559,5825,8as0,E,D,F
1210,2690,6pci,H,L,A
2790,6406,8iv8,H,L,G
2793,6409,8iva,H,L,G
2414,5499,7wwm,H,L,A
1124,2510,6myy,H,L,A
1791,4072,7lbf,H,G,A
2361,5361,7wlz,P,O,B
3125,7298,7o85,H,I,G
959,2079,6bkc,H,L,E
1296,2942,6umx,H,L,A
2324,5280,7vaf,H,L,A
1619,3682,7e9o,H,L,A
850,1855,5w06,H,L,T
2857,6564,7soa,H,L,A
3109,7231,7mnm,K,M,B
1182,2616,6opo,H,L,A
807,1766,5ukr,H,L,G
2290,5199,7upx,H,L,A
1786,4065,7laa,H,L,A
1991,4527,7ox1,E,F,Y
2862,6576,2bdn,H,L,A
129,210,2adf,H,L,A
3079,7105,5fhx,H,L,A
1479,3371,7b0b,H,L,F
849,1853,5vyf,H,L,F
421,772,4jhw,H,L,F
199,309,2oz4,H,L,A
1149,2560,6nn3,H,L,A
2554,5812,8a1e,B,C,A
987,2135,6cxy,H,L,C
2177,4954,7t0l,G,K,D
2940,6768,4ala,H,L,C
1217,2709,6phf,A,B,G
2152,4908,7sn3,D,E,A
1411,3196,6xdg,B,D,E
2197,4991,7tb8,D,E,A
1664,3776,7fjs,H,L,E
792,1699,5tru,H,L,C
695,1449,5j3h,C,D,E
665,1375,5gjs,H,L,B
630,1270,5dup,H,L,A
1096,2455,6mdt,H,L,G
1517,3451,7ch5,H,L,R
2816,6446,8tm1,H,L,A
1756,3991,7kqe,H,L,A
331,574,3lev,H,L,A
1428,3227,6xq4,B,C,A
2873,6612,3gbm,H,L,A
3139,7414,6cnv,H,L,A
2144,4900,7sk4,F,E,A
1375,3122,6wir,A,B,C
1159,2571,6o9h,H,L,D
2847,6532,7s8h,H,L,a
2549,5804,7zwm,B,C,A
2041,4689,7qez,H,L,A
2912,6705,3ulv,F,E,A
953,2068,6bfq,A,B,I
2679,6138,8elp,H,L,A
1419,3210,6xm2,B,A,L
1410,3193,6xcn,H,L,C
2011,4627,7pqy,H,L,E
2936,6760,3zkm,H,L,A
2742,6297,8gsd,H,L,1
602,1216,5c0r,H,L,A
3090,7131,5i74,B,C,A
2562,5835,8ath,E,F,B
438,820,4lsv,H,L,G
2210,5014,7teb,H,L,D
951,2065,6bdz,H,L,A
241,390,2xtj,D,B,A
1616,3677,7e8f,D,E,R
1464,3349,7a5r,H,L,A
1439,3255,6y9b,H,L,C
1798,4086,7lde,K,J,D
2451,5571,7x7u,A,B,G
2141,4897,7sk3,D,C,A
894,1957,5xj3,A,B,C
317,549,3jcb,C,B,A
1465,3351,7a5s,H,L,A
2998,6890,4jm2,A,B,E
2454,5574,7x7v,A,F,E
2358,5357,7wlc,H,L,E
1241,2766,6qee,C,B,A
346,601,3nif,H,L,A
164,263,2h9g,H,L,S
2054,4706,7qtk,B,C,D
2629,6018,8dpl,A,B,D
1962,4458,7niv,C,B,A
1287,2919,6uig,H,L,G
2496,5659,7yc5,G,D,C
386,681,3v6o,C,E,A
70,118,1nsn,H,L,S
375,657,3tt1,L,H,B
2570,5852,8bsf,H,L,A
2133,4872,7sem,B,C,F
1763,4004,7ktx,I,J,A
338,585,3mac,H,L,A
1805,4125,7lf7,H,L,K
2643,6056,8dwa,H,L,A
1585,3616,7dnh,H,L,A
947,2054,6b9j,H,L,X
2802,6422,8oxx,B,C,A
3085,7125,5i5k,X,Y,A
2771,6376,8hgm,C,D,B
2699,6181,8f6l,A,B,C
2574,5868,8cdd,E,D,B
319,551,3jcx,H,L,A
2121,4835,7s6k,H,L,A
1083,2434,6lxk,H,L,A
1901,4322,7mm0,H,L,A
2163,4932,7sq1,H,L,E
2705,6196,8flw,H,L,C
657,1351,5fuo,H,L,A
1447,3284,6yz7,B,C,A
1582,3611,7dk7,a,b,A
977,2107,6chb,D,E,G
1018,2244,6gku,H,L,A
666,1376,5gjt,H,L,B
1451,3298,6z3p,H,L,C
1799,4094,7lex,D,E,B
326,566,3ks0,H,L,B
2603,5963,8ded,H,L,K
2687,6156,8euu,I,J,D
3101,7210,7mfg,E,F,C
442,827,4m7l,H,L,T
2681,6146,8eoo,H,L,C
2303,5221,7uvh,A,B,C
2612,5984,8dfi,H,L,A
2281,5174,7unb,F,E,R
2514,5696,7yru,H,L,A
2752,6323,8h07,E,J,C
1257,2820,6s8i,H,L,A
2363,5365,7wn2,H,L,R
1509,3434,7c88,H,L,M
1458,3328,6ztr,H,L,I
1100,2459,6mej,H,L,C
2193,4985,7t9m,H,L,R
431,812,4lmq,H,L,D
3061,7034,4tnw,V,Z,R
1151,2562,6nnf,U,V,G
1268,2857,6t3j,C,D,E
1334,3048,6vrl,B,C,A
1828,4169,7lop,H,L,A
1470,3357,7a6f,C,B,A
2991,6880,4ioi,B,A,H
1422,3217,6xpr,B,C,A
391,689,3w11,C,D,E
132,213,2arj,B,A,R
383,670,3ulu,D,C,A
2530,5753,7zfb,C,D,F
769,1655,5t3x,H,L,G
560,1112,4yfl,H,L,G
1453,3305,6zdg,H,L,E
3032,6943,4lvh,K,L,J
1957,4452,7neg,H,L,E
2701,6186,8fah,H,L,A
2270,5148,7ue9,H,L,C
1917,4360,7mxl,H,L,C
1834,4186,7lr4,H,L,D
2000,4593,7phu,D,E,A
1289,2922,6ujb,E,F,A
2103,4802,7rxp,H,L,A
2852,6546,7shu,E,F,B
624,1258,5dhv,H,L,M
2321,5274,7v2a,E,D,A
2445,5562,7x7o,G,I,A
3151,7475,6jhr,E,D,C
2417,5506,7x1m,H,L,M
2521,5734,7zf3,A,B,E
2582,5900,8cwk,H,L,C
731,1552,5lqb,H,L,A
1206,2684,6p8m,H,L,C
41,64,1j1p,H,L,Y
1076,2416,6kz0,B,C,A
2200,4996,7tbf,H,L,A
2374,5418,7wp1,H,L,F
2564,5842,8be1,A,B,C
1594,3630,7e3b,B,C,A
1577,3600,7dk0,A,B,C
2663,6102,8e8z,H,L,1
2169,4945,7su0,H,L,C
2842,6520,7rp3,H,I,A
1752,3985,7kpg,H,L,S
854,1865,5w1k,B,A,P
803,1724,5uem,H,L,G
2825,6466,8trs,A,G,D
355,615,3p30,H,L,A
490,947,4rqs,D,C,G
159,252,2fjg,B,A,V
2155,4914,7so9,E,D,A
1999,4592,7phu,B,C,A
2584,5903,8cwv,H,L,A
2024,4647,7ps6,C,D,E
1395,3165,6wvz,H,L,M
384,671,3ulu,F,E,A
2323,5279,7vae,H,L,A
1654,3740,7faf,H,L,C
1669,3784,7jix,H,L,A
3051,7005,4ogy,H,L,A
2408,5486,7wvl,H,L,F
2434,5532,7x40,H,L,C
1426,3223,6xq0,B,C,A
562,1121,4ypg,H,L,D
2547,5798,7zrc,J,K,A
753,1616,5nuz,A,B,C
1521,3455,7che,H,L,R
2732,6260,8gnh,H,L,B
855,1869,5w1k,D,C,E
661,1369,5ggr,H,L,Z
2535,5764,7zfe,J,K,A
2068,4724,7r8a,C,D,B
1232,2750,6q0h,H,L,A
1877,4276,7m7w,C,D,S
644,1295,5eu7,E,C,A
2635,6040,8dua,H,L,B
1208,2687,6p9h,H,L,A
2050,4700,7qti,G,H,K
2369,5380,7woa,D,B,A
2288,5193,7upl,F,I,A
611,1228,5cjq,H,L,B
1907,4337,7mw2,H,L,C
140,226,2dqc,H,L,Y
677,1397,5hdb,H,L,A
2645,6060,8dww,H,L,N
757,1630,5o4o,B,A,C
393,691,3w9e,A,B,C
1613,3672,7e8c,H,L,A
1273,2876,6tys,H,L,A
1081,2428,6lxi,H,L,A
2543,5789,7zoz,H,L,A
258,426,3b9k,H,L,B
729,1545,5lcv,H,L,A
2190,4981,7t5o,H,L,C
2295,5208,7urd,H,L,A
1123,2505,6mwx,C,D,B
952,2066,6bf4,H,L,G
2276,5162,7uij,H,L,C
1052,2353,6j11,H,L,A
2273,5153,7ugp,O,R,C
1094,2452,6m58,H,L,A
961,2081,6bp2,H,L,A
433,815,4lsq,H,L,G
207,330,2qr0,B,A,D
2748,6312,8gv7,C,D,A
1488,3396,7bel,H,L,R
1562,3555,7d03,H,L,A
2646,6064,8dwx,H,L,P
704,1470,5jw3,H,L,B
1785,4048,7l7r,D,C,G
1157,2568,6o3b,B,A,C
1816,4147,7lkh,H,L,A
2070,4726,7r8l,H,L,E
1672,3787,7jlk,H,L,A
2115,4826,7s4s,H,L,A
859,1881,5w42,H,L,A
376,659,3tt3,H,L,A
2773,6379,8hhy,F,W,B
1807,4129,7lfb,H,L,X
1090,2446,6m3b,C,B,A
2048,4698,7qny,A,B,E
2676,6130,8eka,H,L,P
528,1051,4xny,H,L,G
1622,3688,7eak,F,L,A
1091,2447,6m3c,E,F,C
40,63,1j1o,H,L,Y
832,1812,5vj6,H,L,E
2074,4733,7r8o,H,L,B
907,1988,5ywy,H,L,A
1761,3999,7kra,I,J,A
1120,2493,6mw9,C,D,B
2710,6206,8g3m,E,F,G
870,1902,5w9l,H,I,G
2792,6408,8iva,C,E,G
1679,3795,7jr7,C,D,B
3087,7128,5i6z,B,C,A
227,357,2vis,B,A,C
2042,4690,7qf0,H,L,A
2971,6832,4h88,H,L,A
2636,6046,8dul,H,L,A
1733,3941,7kfy,H,L,A
1617,3678,7e8m,H,L,E
502,972,4tvp,D,E,B
2952,6792,4dn4,H,L,M
659,1364,5fyl,D,E,B
1847,4218,7lx3,H,L,A
2407,5483,7wur,E,F,A
2975,6844,4hfu,H,L,A
2906,6696,3u2s,H,L,G
542,1070,4xvs,H,L,G
1849,4224,7lxn,H,L,A
315,541,3jba,H,L,A
2264,5130,7uar,D,E,A
742,1588,5n09,H,L,A
2307,5228,7uxl,F,E,R
1863,4253,7m30,M,N,C
2508,5685,7yqy,H,F,B
913,2001,6a77,H,L,A
1996,4582,7pc2,O,P,B
1519,3453,7chc,H,L,R
76,127,1osp,H,L,O
901,1967,5y11,A,B,C
1102,2462,6mek,I,G,A
2774,6382,8hhz,E,F,B
782,1674,5th9,I,M,B
300,509,3hi6,H,L,A
341,588,3n85,H,L,A
2874,6616,3gbn,H,L,A
2245,5089,7txz,E,F,A
1396,3166,6ww2,H,L,R
1302,2955,6ute,C,D,S
1894,4307,7mjs,H,L,X
2452,5572,7x7v,C,D,E
674,1393,5hbt,D,C,B
2478,5626,7xsb,H,L,E
476,907,4r2g,D,C,O
770,1656,5t3x,D,E,G
2712,6213,8g3o,E,F,H
2490,5652,7y71,O,P,A
1900,4321,7mlz,H,L,A
99,162,1t03,H,L,B
3040,6956,4mhh,H,L,E
691,1430,5igx,H,L,G
201,323,2q8a,H,L,A
2718,6231,8g4m,D,E,A
1540,3492,7cwn,G,F,A
235,373,2wub,H,L,A
2204,5003,7tcc,H,L,B
1045,2319,6ii9,H,L,A
344,595,3nh7,H,L,A
2890,6659,3qwo,H,L,P
2220,5041,7tjq,I,M,F
1478,3370,7b09,H,L,A
2332,5297,7vyt,H,L,T
725,1536,5kzc,H,L,A
1919,4362,7mxp,I,K,A
1958,4453,7neh,H,L,E
97,158,1s78,F,E,B
2888,6654,3pgf,H,L,A
1981,4504,7o9s,H,L,A
2591,5945,8d48,H,L,A
416,758,4hwb,H,L,A
2174,4951,7swp,H,L,A
2976,6845,4hg4,P,Q,D
1328,3034,6vn1,H,L,A
3116,7246,7n64,H,L,A
186,294,2nr6,D,C,A
2552,5810,7zyi,H,L,A
1655,3743,7fah,H,L,A
483,932,4rdq,I,H,A
2916,6712,3vi3,F,E,B
930,2030,6aru,C,B,A
2781,6393,8i5h,H,L,R
2015,4635,7pry,H,L,E
1258,2823,6s8j,H,L,A
389,686,3vga,C,B,A
617,1240,5d71,H,L,A
2820,6451,8tp5,E,F,C
671,1384,5gzo,H,L,A
107,173,1uj3,B,A,C
2184,4973,7t4q,H,I,D
2427,5525,7x2o,H,L,B
2353,5343,7wjz,A,C,B
2685,6151,8err,H,L,A
2571,5853,8byu,H,L,A
888,1941,5x2q,H,L,A
1870,4262,7m6e,H,L,A
1512,3440,7cai,E,D,A
885,1936,5x2n,H,L,A
2497,5662,7yck,C,D,A
1916,4359,7mxl,A,B,C
219,349,2vdm,H,L,A
705,1471,5jw4,Q,R,F
3155,7490,6okm,H,L,R
3138,7411,6c5v,H,L,A
3027,6936,4leo,A,B,C
2016,4637,7prz,H,L,E
820,1791,5v2a,H,L,A
738,1576,5mhs,E,D,B
791,1698,5tpn,H,L,A
942,2045,6b0h,C,D,I
2904,6693,3t3p,E,F,C
1223,2728,6pwu,H,L,A
668,1378,5gru,H,L,A
3049,7003,4oga,C,D,E
2232,5070,7tp3,H,L,Z
238,385,2xqb,H,L,A
1311,2974,6v4p,C,D,A
64,110,1ndg,B,A,C
3047,6989,4nm8,H,L,A
871,1904,5w9m,H,I,G
63,109,1ncc,H,L,N
2226,5055,7tm0,E,D,C
1327,3018,6vmk,Z,Y,a
2601,5960,8dcn,A,B,C
2173,4950,7swo,H,L,A
35,58,1ic4,H,L,Y
1431,3231,6xrt,H,L,F
2195,4987,7tas,H,L,E
2165,4939,7st5,H,L,A
2791,6407,8iv8,C,D,G
551,1097,4y5y,A,B,C
2835,6492,8x0t,H,L,A
1732,3940,7kfx,H,L,A
2448,5568,7x7t,A,B,G
2599,5957,8dbz,D,E,A
2471,5610,7xmx,H,I,A
2740,6295,8grr,H,L,2
1389,3146,6wps,H,L,A
1568,3571,7d85,B,C,A
360,634,3qum,H,L,P
2081,4744,7rbv,H,L,B
2062,4718,7r6x,A,B,R
1990,4525,7orb,H,L,R
1650,3734,7f6z,H,L,R
538,1064,4xph,H,L,A
2860,6572,1ncd,H,L,N
1814,4142,7lk4,B,A,R
2185,4974,7t4q,J,K,A
1008,2196,6fg1,A,D,H
3156,7491,6okn,A,B,R
1215,2706,6phc,A,B,I
1109,2474,6mlm,E,I,A
1203,2674,6p62,H,L,A
3105,7223,7mjt,A,B,C
2456,5577,7x8q,C,B,A
1006,2191,6eyo,H,L,A
1500,3417,7bsd,A,B,G
2296,5209,7ure,H,L,A
2834,6490,8w86,A,B,C
1186,2635,6oro,H,L,G
3041,6959,4mhj,K,J,G
2577,5888,8ct6,J,K,C
903,1978,5y9j,H,L,A
2925,6727,3whe,O,P,B
3117,7248,7n65,C,D,A
185,293,2nlj,A,B,C
2405,5478,7wue,E,F,B
2136,4881,7sg4,H,L,A
615,1237,5czx,H,L,A
2553,5811,8a1e,D,E,A
2271,5149,7ued,H,L,M
3126,7330,7pa8,O,F,E
755,1625,5o1r,H,L,A
2827,6469,8ttw,K,L,J
521,1028,4wv1,B,A,C
2557,5819,8a99,R,O,A
445,832,4n1c,A,B,C
1013,2207,6fn1,C,B,A
1998,4588,7phg,H,L,A
2696,6176,8f0i,C,D,A
1140,2542,6nip,A,B,E
1663,3773,7fjo,H,L,A
330,573,3ld8,C,B,A
1780,4036,7l5j,W,L,B
2480,5632,7xst,D,E,A
1635,3711,7eng,H,L,B
118,189,1yjd,H,L,C
1507,3432,7c6a,H,L,A
398,708,4cmh,B,C,A
900,1966,5xxy,H,L,A
432,814,4lsp,H,L,G
1563,3556,7d0b,H,L,A
1472,3360,7akd,D,E,C
634,1281,5e8e,B,A,H
715,1509,5kem,B,C,A
1204,2677,6p65,H,L,A
2604,5965,8def,S,T,G
3055,7015,4p9h,H,L,G
1559,3548,7czy,H,K,A
1269,2859,6t9d,A,B,D
3147,7458,6hjp,G,H,B
1433,3233,6xsw,A,B,C
415,757,4ht1,H,L,T
1882,4284,7mdu,H,L,A
1141,2544,6niu,F,G,B
1843,4202,7luc,J,K,A
1485,3392,7bej,H,L,E
26,46,1g7j,B,A,C
2763,6356,8hc9,F,G,A
2435,5533,7x42,H,L,C
2851,6544,7sht,H,L,B
1703,3870,7k8v,H,L,A
1552,3531,7czr,H,K,A
1378,3126,6wjl,H,L,G
3134,7401,6bf7,C,D,A
1214,2704,6phb,D,C,I
912,1999,6a67,H,L,A
2066,4722,7r88,C,D,B
2343,5325,7wed,H,L,E
2116,4827,7s5p,H,L,A
2595,5949,8d8r,H,L,A
327,568,3l5w,H,L,I
890,1948,5x8m,B,C,A
2673,6121,8eev,H,L,A
2278,5165,7ul1,H,L,A
450,856,4nzt,H,L,M
2442,5544,7x6a,I,K,A
1037,2301,6iap,H,L,A
1747,3974,7kml,H,L,A
2933,6753,3ze2,H,L,C
524,1046,4xmp,H,L,G
1601,3643,7e5s,L,D,B
1264,2846,6svl,A,B,C
1388,3142,6woz,B,C,A
1118,2488,6mui,C,D,B
2314,5241,7uz8,H,L,A
2968,6820,4fqk,E,F,C
1382,3132,6wn1,B,C,A
2767,6368,8hec,E,D,A
1020,2247,6glx,H,L,A
1579,3605,7dk4,a,b,A
286,487,3ffd,A,B,P
252,412,3a67,H,L,Y
2814,6444,8t9z,H,L,A
968,2093,6c6z,H,L,B
2018,4640,7ps1,A,B,E
2515,5697,7yv7,F,E,A
1135,2533,6nb7,H,L,A
190,299,2ny1,D,C,A
514,1003,4v1d,D,E,C
2615,5994,8dke,A,B,P
1682,3799,7jtg,A,B,E
1468,3355,7a6c,C,B,A
455,866,4od2,B,A,S
935,2035,6ayz,B,D,A
584,1165,4zyp,J,L,C
1779,4035,7l5b,H,L,A
2893,6671,3ria,I,O,D
1434,3245,6xxv,A,B,C
256,417,3b2u,C,D,B
653,1343,5fcu,H,L,G
1255,2813,6s3t,C,D,S
2352,5341,7wjy,E,F,D
2347,5332,7wgd,H,L,A
1377,3125,6wix,H,L,G
264,435,3bsz,L,H,F
1815,4146,7lkf,H,L,A
2565,5844,8bh5,H,L,E
2231,5068,7tn9,G,H,T
2805,6425,8s9g,H,L,E
2468,5603,7xdl,I,H,A
2084,4752,7re7,H,L,A
1770,4016,7kzx,D,C,B
747,1600,5nhr,H,L,C
1701,3866,7k8t,H,L,C
1284,2904,6uda,C,D,A
2810,6435,8sr0,Y,Z,X
1711,3891,7k9k,H,L,A
2662,6101,8e8y,H,L,1
2102,4800,7rxl,H,L,E
2501,5671,7ye5,H,L,A
180,285,2j4w,H,L,D
2458,5583,7xck,A,B,M
419,769,4jan,H,L,G
2979,6858,4hjj,H,L,A
1077,2420,6l62,H,L,A
2449,5569,7x7u,C,D,G
2918,6716,3w12,C,D,E
1935,4404,7n4i,H,L,C
2708,6201,8fxc,H,L,E
1600,3640,7e5r,P,Q,A
559,1111,4ye4,H,L,G
1879,4279,7m8l,G,J,A
833,1813,5vj6,M,N,B
1746,3972,7kmk,H,L,A
1844,4205,7lue,H,L,A
2915,6710,3ve0,A,B,J
1789,4070,7lbe,H,G,A
310,524,3j70,B,A,D
2714,6220,8g3q,C,B,G
2285,5184,7upb,B,E,A
182,287,2j88,H,L,A
422,773,4jpv,H,L,G
864,1888,5w6d,H,L,G
2263,5129,7uaq,H,L,A
2252,5104,7u5b,H,L,I
2569,5851,8bse,H,L,A
411,743,4g7y,H,L,S
2199,4995,7tbf,D,E,A
2516,5698,7yxu,H,L,A
550,1093,4y5x,H,G,I
1392,3153,6wtu,B,C,A
1230,2745,6pzz,H,L,A
3152,7476,6jhs,E,D,C
927,2022,6apd,D,E,A
1888,4294,7mhy,M,N,A
2126,4850,7sbu,H,L,A
2109,4814,7s0e,H,L,A
428,789,4krp,D,C,A
1345,3066,6vyv,I,M,F
2563,5841,8bbo,H,L,R
1686,3812,7jv6,H,L,A
1401,3179,6x5b,H,L,A
648,1308,5f6j,B,A,G
2419,5508,7x25,A,C,G
2966,6817,4fqi,H,L,A
2973,6835,4hcr,H,L,A
3005,6899,4k3j,H,L,B
94,155,1rzj,H,L,G
2238,5081,7tri,Z,Y,B
2053,4705,7qtj,F,E,A
2395,5461,7wsl,H,L,D
2786,6402,8iv4,A,B,G
343,591,3ngb,H,L,G
2161,4928,7soe,B,L,A
1161,2574,6o9i,D,E,C
2006,4610,7pi3,a,b,V
1930,4397,7n28,C,D,A
1841,4198,7lss,H,L,B
2391,5454,7ws5,E,D,A
1191,2649,6ot1,m,n,G
1550,3527,7czp,H,L,A
571,1142,4z7n,H,L,A
2999,6891,4jpk,H,L,A
2098,4793,7ru8,H,L,C
2088,4763,7rks,H,L,R
439,821,4lu5,H,L,B
887,1939,5x2p,H,L,A
2086,4755,7rfb,A,B,C
138,224,2cmr,H,L,A
1305,2959,6uye,H,K,B
1068,2390,6k68,A,B,H
1346,3070,6vzi,H,L,G
2382,5438,7wrl,A,B,R
802,1723,5uek,H,L,A
1736,3946,7ki4,H,L,B
1480,3380,7b3o,H,L,E
1775,4025,7l2e,H,L,A
934,2034,6avu,H,L,B
2749,6315,8gzz,E,D,A
265,437,3bt2,H,L,U
2365,5369,7wnb,H,L,R
2661,6100,8e8x,H,L,1
1603,3647,7e5s,U,Q,B
1942,4415,7n8h,C,B,A
1425,3221,6xpz,B,C,A
2386,5442,7ws0,E,D,A
1496,3411,7bnv,H,L,A
772,1658,5t3z,D,E,G
1776,4028,7l2f,H,L,A
1620,3685,7e9p,H,L,B
1934,4403,7n3i,H,L,C
2632,6033,8dt3,H,L,C
896,1962,5xjm,H,L,A
2120,4832,7s6j,H,L,A
1300,2951,6usf,H,L,D
221,351,2vdo,H,L,A
2142,4898,7sk3,F,E,A
1875,4273,7m7b,H,L,A
1590,3624,7dx4,H,L,E
2494,5656,7y7m,F,G,C
1383,3134,6wno,B,C,A
2830,6476,8udg,H,L,A
31,51,1gc1,H,L,G
228,358,2vit,B,A,C
2606,5968,8der,X,Y,B
501,971,4tvp,H,L,G
2887,6647,3opz,H,L,A
2997,6889,4jm2,D,C,E
3033,6947,4lvn,C,B,A
675,1394,5hbv,D,C,B
3098,7191,5wob,U,V,G
1997,4585,7pc2,K,L,A
1222,2721,6pv8,F,G,D
941,2044,6b0g,D,C,E
1745,3971,7kmi,A,B,C
467,884,4plj,H,L,A
539,1065,4xpt,H,L,A
825,1800,5vcn,D,C,B
1881,4283,7mdt,H,L,A
1858,4245,7ly2,H,L,A
1611,3666,7e8c,O,Q,A
453,859,4o5i,M,N,A
429,791,4kuc,D,H,A
1007,2195,6fax,H,L,R
1306,2962,6uyf,H,L,E
928,2025,6apd,J,L,C
2587,5937,8cz5,H,L,A
2423,5516,7x2a,H,K,A
1442,3264,6yla,H,L,E
3039,6955,4ma8,H,L,C
1929,4396,7n0v,H,L,C
1777,4031,7l3n,D,E,B
2371,5385,7woc,A,B,C
2178,4958,7t0r,H,L,A
2653,6085,8e1g,H,L,A
1906,4333,7msq,H,L,A
1324,3010,6vlr,C,L,A
2154,4912,7so7,H,L,A
2052,4704,7qtj,B,C,A
19,32,1fdl,H,L,Y
1436,3250,6xzw,H,L,D
1147,2557,6nmu,H,L,S
2191,4982,7t7b,H,L,A
775,1666,5t6l,H,L,I
622,1248,5d9q,F,E,A
2795,6411,8ix3,H,L,G
469,891,4q6i,B,A,K
2487,5647,7y0v,H,L,R
2736,6269,8gpj,D,E,V
1184,2622,6opq,H,L,A
1498,3414,7bq5,H,L,A
1765,4008,7kxk,H,L,A
583,1164,4zxb,A,B,E
1574,3586,7dd8,A,B,C
2216,5026,7tfn,H,L,A
1187,2638,6orp,H,L,G
1489,3398,7bem,H,L,E
1475,3366,7amq,H,L,B
1511,3439,7cah,E,D,A
1185,2632,6orn,A,B,G
395,694,3wsq,H,L,A
1405,3186,6xc4,H,L,A
2711,6209,8g3n,E,F,G
1414,3199,6xey,H,L,A
633,1280,5e8d,H,L,A
334,581,3liz,H,L,A
547,1085,4xx1,H,L,A
1662,3771,7fjn,H,L,B
1367,3108,6wbv,H,L,A
13,22,1dvf,B,A,D
2733,6263,8go8,H,L,A
477,911,4r4f,H,L,A
451,857,4o02,H,L,A
654,1344,5fec,H,L,I
145,232,2dqh,H,L,Y
2056,4708,7qu2,A,B,C
183,289,2jix,D,G,E
1301,2953,6uta,H,L,E
3142,7420,6djp,E,F,B
1291,2926,6ukj,H,L,A
1938,4407,7n4m,H,L,A
2383,5439,7wro,H,L,R
1729,3931,7kfh,G,J,A
173,274,2i60,H,L,G
1471,3359,7ahv,A,B,H
1079,2425,6lhp,H,L,C
1280,2893,6u3i,H,L,A
2143,4899,7sk4,D,C,A
2919,6717,3w13,C,D,E
2209,5012,7te9,H,L,D
3108,7229,7mnl,K,M,B
1748,3977,7kn3,H,L,A
979,2111,6cm3,K,J,D
2884,6640,3ldb,C,B,A
1869,4261,7m6d,H,L,C
2233,5071,7tp4,H,L,Z
458,871,4okv,A,B,F
880,1928,5wt9,H,L,G
698,1461,5jo4,A,B,C
1644,3723,7ezv,H,L,A
60,106,1nbz,B,A,C
1710,3888,7k9j,H,L,A
1415,3202,6xkp,H,L,A
830,1808,5vig,H,L,Z
121,193,1yy9,D,C,A
1000,2168,6dzz,B,C,A
2289,5196,7upw,H,L,C
3137,7407,6bt3,B,A,N
3046,6985,4nhh,C,Q,O
2208,5010,7te6,C,D,B
2934,6755,3ztj,G,H,B
1137,2539,6nfc,H,L,A
2610,5981,8dfg,H,L,A
446,843,4n90,F,G,S
2726,6248,8gf2,H,L,A
819,1787,5utz,H,L,D
2366,5370,7wo4,F,G,A
2770,6373,8hgl,H,L,A
752,1613,5nmv,H,L,K
555,1105,4ydi,H,L,G
2813,6441,8t7a,H,I,c
2550,5806,7zwm,D,E,A
408,740,4g6j,H,L,A
1125,2513,6mzj,H,L,A
101,166,1tqb,B,C,A
2756,6344,8hc2,H,L,B
2422,5514,7x29,H,K,B
92,153,1rjl,B,A,C
603,1217,5c0s,H,L,A
2025,4648,7ps7,A,B,E
523,1044,4xi5,D,C,A
1902,4323,7mmn,H,L,I
1910,4346,7mw5,H,L,C
759,1633,5o7p,B,A,C
2269,5145,7uds,F,G,A
1832,4183,7lqw,H,L,C
985,2130,6cwt,A,B,E
1493,3405,7beo,A,B,R
2505,5680,7yms,F,E,A
2652,6081,8dzi,B,D,A
2099,4794,7rw2,H,L,A
1580,3608,7dk5,a,b,A
407,739,4fqy,H,L,B
2524,5738,7zf5,G,I,A
312,531,3j8w,F,J,D
1059,2368,6jbt,H,L,F
222,352,2vdp,H,L,A
2831,6478,8w83,A,B,C
835,1818,5vjq,A,B,I
1949,4438,7nd6,H,L,B
2179,4960,7t17,F,G,A
574,1149,4zff,H,L,C
1960,4456,7niu,C,B,A
810,1769,5umi,H,L,C
2246,5091,7ty0,K,O,C
1474,3365,7amp,H,L,B
1333,3047,6vrk,B,C,A
298,506,3hfm,H,L,Y
842,1831,5vlp,H,L,A
995,2154,6ddv,B,A,C
2693,6173,8f0g,X,Y,C
879,1924,5wk3,Q,P,A
783,1677,5thr,M,J,D
457,869,4oii,H,L,A
893,1955,5xhv,H,L,E
2706,6197,8fr6,J,K,F
1948,4437,7nd5,H,L,B
81,136,1pg7,X,W,H
872,1906,5w9n,B,C,A
1363,3091,6w41,H,L,C
314,539,3jab,H,L,C
749,1604,5nj6,H,L,A
1376,3123,6wit,A,B,C
1122,2501,6mwv,C,D,B
1625,3692,7ecy,E,F,C
3067,7057,4ywg,I,M,Q
1129,2523,6n6b,K,L,A
1175,2599,6okp,M,N,D
232,366,2vxt,H,L,I
1642,3721,7ey5,B,C,A
2223,5050,7tly,A,B,I
799,1713,5u7o,H,L,G
1717,3900,7kdd,D,E,A
1244,2779,6r0x,A,B,E
2694,6174,8f0h,B,D,C
388,685,3vg9,C,B,A
767,1653,5t3s,H,L,G
588,1176,5a8h,D,C,A
2671,6118,8eee,H,L,E
1314,2981,6v8z,P,Q,M
2782,6396,8i5i,H,L,R
2716,6224,8g3z,H,L,C
2717,6228,8g40,A,L,G
1778,4032,7l56,H,L,A
2507,5683,7yqx,H,F,B
1633,3708,7elx,H,L,C
2759,6350,8hc4,D,E,A
28,48,1g7m,B,A,C
2040,4680,7q9p,H,L,A
669,1379,5gs0,F,E,B
2684,6150,8eq6,H,L,A
582,1163,4zxb,C,D,E
1876,4274,7m7w,A,B,S
3054,7014,4p59,H,L,A
814,1781,5usl,H,L,X
1945,4432,7nd0,H,L,A
1412,3197,6xdg,C,A,E
117,187,1xiw,H,G,E
1337,3052,6vug,D,C,B
1407,3189,6xc7,C,D,A
2807,6428,8slb,H,L,A
1826,4165,7lok,M,L,C
1234,2752,6q0l,H,L,A
2838,6512,7rco,F,E,A
2032,4660,7q6c,H,L,A
3119,7252,7n8q,C,D,A
1237,2755,6q1z,H,L,A
403,717,4f2m,A,B,E
1589,3623,7duo,H,L,B
1628,3699,7ej4,H,L,A
2608,5977,8df5,H,L,R
2818,6449,8tp3,H,L,C
1340,3058,6vy2,H,L,A
2189,4980,7t4s,H,I,D
2572,5854,8c7h,L,K,I
2689,6162,8euw,I,J,D
656,1347,5fhc,H,L,K
2475,5621,7xrz,H,L,X
2746,6306,8gv5,C,D,A
1817,4148,7ll1,H,L,A
2757,6345,8hc3,H,L,B
692,1435,5ikc,B,A,M
2755,6332,8h08,N,O,C
1285,2907,6udk,A,B,G
112,182,1xgp,B,A,C
3069,7070,5b3j,H,L,D
2282,5175,7unb,H,L,R
43,66,1jhl,H,L,A
1261,2831,6sni,H,L,X
2005,4606,7pi3,D,E,A
1455,3312,6zer,F,G,D
2798,6417,8j7e,A,B,F
581,1161,4zso,D,C,F
2091,4772,7rr0,B,C,A
3086,7127,5i6x,B,C,A
1031,2284,6hxw,H,L,A
2105,4805,7s07,H,L,A
996,2155,6de7,H,L,G
2683,6149,8epa,A,B,I
452,858,4o58,H,L,A
316,547,3jbq,H,L,F
2267,5139,7ucg,J,K,I
3130,7389,5yy5,H,L,A
1548,3514,7cwu,O,S,A
1236,2754,6q18,H,L,A
1740,3963,7klg,H,L,A
2967,6819,4fqj,H,L,A
1646,3725,7f46,H,L,B
276,464,3eo1,B,A,C
2104,4803,7s07,X,Y,A
740,1579,5mo9,H,L,X
1272,2869,6tyb,H,L,G
413,749,4gxu,M,N,A
1365,3093,6w4s,H,L,F
1795,4078,7lcv,A,B,C
2670,6114,8eed,H,L,A
858,1880,5w2b,H,L,A
1370,3115,6wgl,A,B,C
874,1911,5w9p,F,G,J
1575,3598,7dha,C,B,A
3150,7474,6jhq,D,E,C
1955,4446,7ndc,H,L,B
981,2115,6cmi,D,C,B
3075,7089,5d1x,B,A,E
1201,2671,6p4b,H,L,C
680,1403,5hhx,H,L,A
1754,3988,7kq7,H,L,B
2523,5736,7zf4,H,L,E
2326,5283,7vgr,D,C,A
2779,6389,8hlb,D,E,A
436,818,4lst,H,L,G
877,1921,5whk,H,L,A
2287,5190,7upk,H,L,D
2188,4979,7t4s,J,K,A
2551,5808,7zxu,H,L,E
2318,5249,7uzc,H,L,A
652,1342,5fb8,B,A,C
809,1768,5um8,D,E,B
1432,3232,6xsn,H,L,C
1804,4119,7lf2,D,E,A
2631,6032,8ds5,C,B,A
1460,3335,7a0x,C,D,A
2356,5352,7wka,a,b,B
1782,4039,7l7e,A,B,G
1774,4024,7l2d,H,L,A
2486,5645,7y0o,H,L,A
2766,6365,8heb,E,D,A
2247,5093,7tz5,I,L,A
834,1816,5vjo,A,B,E
2328,5287,7vn9,H,L,E
1598,3634,7e5r,L,H,A
2783,6397,8idn,H,L,A
857,1877,5w23,H,L,C
541,1068,4xtr,C,D,B
125,200,1za3,H,L,R
2725,6246,8gf2,C,D,A
1508,3433,7c81,H,L,A
2389,5450,7ws3,E,D,A
2482,5638,7xsw,H,L,R
1010,2202,6fla,H,L,I
2633,6036,8dtk,C,B,A
529,1052,4xnz,H,L,G
1566,3563,7d3k,H,L,2
2466,5597,7xdk,D,E,A
2176,4953,7syz,H,L,A
2350,5335,7whb,D,E,A
1482,3386,7bbj,H,L,A
2969,6822,4g3y,H,L,C
2944,6775,4c2i,H,L,C
2618,5997,8dkw,A,B,P
686,1421,5i8h,E,F,B
1270,2861,6t9e,A,B,C
1806,4127,7lfa,B,D,A
51,81,1kiq,B,A,C
1338,3053,6vvu,H,L,A
2745,6305,8gsp,H,L,3
2432,5530,7x3d,H,L,B
53,92,1lk3,H,L,A
2149,4905,7sk8,F,E,A
243,395,2ybr,A,B,C
2378,5422,7wpe,X,Y,B
1721,3910,7kew,G,J,A
1936,4405,7n4j,H,L,A
932,2032,6avq,H,L,B
1859,4248,7ly3,D,C,A
868,1896,5w9j,E,F,D
2861,6573,1w72,I,M,D
2588,5942,8d0y,D,E,B
1245,2781,6r2s,B,A,C
1117,2487,6mug,H,L,G
229,359,2vwe,E,C,A
1554,3536,7czt,H,L,A
1638,3717,7ey0,A,B,R
84,143,1qfw,H,L,A
1195,2657,6oz2,H,L,G
2581,5898,8cwj,J,K,G
3044,6970,4mxv,H,L,A
1421,3216,6xpq,B,C,A
2450,5570,7x7u,H,L,G
2819,6450,8tp4,H,L,C
1612,3669,7e8c,M,J,A
1450,3294,6z2m,H,L,E
72,120,1oaz,H,L,A
2978,6856,4hjg,B,A,H
766,1652,5t33,H,L,G
1087,2443,6m0z,H,L,A
2215,5024,7tet,H,L,B
2206,5007,7tdn,H,L,B
1931,4400,7n28,X,Y,F
1533,3476,7cqc,H,L,A
3154,7489,6mlk,H,L,A
2597,5954,8db4,A,B,E
1106,2469,6mhr,A,B,C
2924,6725,3wfe,H,L,B
2788,6404,8iv5,H,L,G
1466,3353,7a65,C,B,A
1687,3815,7jva,H,L,A
1683,3800,7jti,H,L,A
1632,3707,7ek0,H,L,R
2476,5623,7xs8,A,L,E
1657,3758,7fcp,B,D,A
1684,3808,7jv2,H,L,A
1326,3014,6vmj,B,A,Z
1651,3735,7f7e,C,L,E
607,1223,5cbe,A,B,E
873,1908,5w9o,E,F,D
1310,2970,6v4o,A,B,I
1017,2217,6fy2,H,L,P
658,1363,5fyl,H,L,G
434,816,4lsr,H,L,G
2467,5600,7xdk,F,G,A
2003,4598,7pi2,B,C,A
2097,4791,7ru5,H,L,A
4,4,1ahw,B,A,C
865,1889,5w6g,H,L,A
2399,5466,7wtf,H,L,B
512,999,4utb,H,L,A
1586,3617,7dnl,H,L,B
1282,2899,6u6u,H,L,R
397,704,4ckd,H,L,C
573,1146,4z7q,H,L,A
406,736,4fqv,H,L,B
1009,2198,6fg2,D,E,I
2397,5463,7wt8,H,D,C
367,645,3s35,H,L,X
2240,5083,7ttx,H,L,A
720,1527,5kte,H,L,A
2620,5999,8dl6,D,C,A
1689,3821,7jw0,H,L,A
2758,6347,8hc4,F,J,A
2579,5893,8cw9,G,M,A
1865,4257,7m3n,H,L,A
2948,6785,4d9r,E,D,B
382,669,3ulu,H,L,A
626,1262,5dhz,H,L,M
2298,5211,7urq,H,L,A
2243,5087,7tug,H,L,D
466,881,4ot1,H,L,A
1246,2783,6r8x,C,B,A
1515,3448,7cgw,H,L,P
3060,7028,4rrp,L,F,R
23,39,1fsk,C,B,A
1886,4290,7mep,I,G,E
1039,2305,6ieb,H,L,A
2743,6299,8gse,H,L,1
1348,3073,6w03,H,L,G
2654,6087,8e2u,H,L,A
2556,5818,8a96,K,J,C
553,1101,4ybq,D,C,B
1932,4401,7n3c,H,L,C
262,432,3bn9,D,C,B
1362,3090,6w2c,B,C,A
1922,4374,7mzg,H,L,A
1584,3615,7dm2,H,L,A
1853,4232,7lxy,H,L,A
1652,3736,7f9w,B,C,A
1505,3429,7c4s,H,L,A
267,444,3csy,A,B,J
911,1995,6a4k,H,L,A
1606,3655,7e72,A,B,E
1564,3557,7d0c,H,L,A
2411,5492,7wwj,G,F,B
904,1979,5yhl,H,L,A
2065,4721,7r87,C,D,B
1371,3116,6wh9,E,F,D
1293,2933,6um5,C,D,A
567,1128,4yxk,H,L,A
1864,4254,7m3i,H,L,R
882,1930,5wux,A,B,F
1044,2316,6ii8,H,L,C
2457,5579,7x8t,F,E,D
997,2156,6did,L,H,A
2255,5108,7u8j,H,L,A
202,324,2q8b,H,L,A
925,2020,6aod,B,A,C
505,980,4u6h,A,B,E
2044,4694,7qnw,H,L,E
2544,5790,7zr7,D,E,A
1492,3403,7beo,H,L,R
2958,6801,4f15,K,L,J
2394,5460,7wsi,H,L,A
1023,2256,6h3t,H,L,A
1417,3205,6xkr,H,L,P
1825,4164,7lo8,H,L,Z
2004,4602,7pi3,B,C,A
2871,6595,3cx5,U,V,P
1495,3409,7bep,H,L,E
706,1481,5jz7,H,L,B
1614,3675,7e8f,H,L,A
2341,5320,7web,H,L,B
3123,7293,7nwl,D,E,B
2469,5606,7xdl,M,L,A
1487,3394,7bel,A,B,R
1921,4373,7mzf,H,L,A
510,993,4ut9,H,L,A
2623,6002,8dlw,H,L,A
3035,6949,4m1c,E,F,B
1781,4038,7l7d,H,L,E
1659,3760,7fcq,H,L,A
2648,6072,8dxs,H,L,A
1155,2566,6o39,B,A,C
1446,3278,6ywd,A,B,C
410,742,4g7v,H,L,S
2301,5215,7usl,H,L,C
1213,2701,6pe9,H,L,V
141,227,2dqd,H,L,Y
2123,4839,7s7i,H,L,A
147,234,2dqj,H,L,Y
2660,6099,8e8s,H,L,1
3143,7427,6eti,D,C,B
2192,4983,7t87,H,L,A
1889,4295,7mhy,O,P,A
3045,6973,4mxw,H,L,A
2096,4790,7ru4,H,L,A
2317,5248,7uzb,H,L,A
2459,5584,7xco,H,L,A
1941,4412,7n8h,E,D,A
2064,4720,7r7n,H,L,E
1025,2260,6h5n,C,B,A
102,167,1tqc,B,C,A
2410,5489,7wwi,E,D,A
3034,6948,4lvo,C,B,A
732,1553,5lsp,H,L,A
3122,7272,7nfd,D,C,B
1964,4460,7nks,H,L,A
3118,7251,7n8q,H,L,G
1560,3550,7czz,H,K,A
2585,5905,8cxc,H,L,M
1993,4535,7ox3,B,A,C
614,1236,5czv,H,L,A
1092,2450,6m3z,H,L,A
1890,4296,7mhz,O,P,A
2914,6708,3v6z,A,B,F
1818,4151,7ll2,H,L,A
2804,6424,8pe9,H,L,A
2526,5742,7zf8,H,L,E
1078,2421,6lbh,C,D,B
1145,2554,6nms,H,L,S
2886,6645,3o0r,H,L,B
1836,4189,7lrt,H,L,A
2626,6011,8dmh,J,I,C
1992,4531,7ox2,J,K,N
218,348,2vdl,H,L,A
2368,5379,7wo7,A,B,C
1995,4539,7p40,C,D,E
1004,2174,6e62,H,L,P
1158,2570,6o8d,H,L,C
2735,6266,8gpg,A,B,Z
2001,4594,7phv,B,C,A
2316,5247,7uza,H,L,A
1014,2208,6fn4,C,B,A
2764,6359,8hca,F,G,A
1278,2891,6u36,H,L,B
1260,2830,6snh,H,L,X
688,1425,5ibl,H,L,B
2049,4699,7qny,H,L,E
2402,5471,7wti,H,L,A
2376,5420,7wp5,H,L,F
239,386,2xqy,G,L,A
1053,2356,6j14,A,B,G
2166,4941,7st8,H,L,S
1704,3872,7k8w,H,L,A
36,59,1ic5,H,L,Y
1871,4265,7m6f,H,L,A
2824,6463,8tpa,I,J,G
1374,3121,6wio,A,B,C
1565,3559,7d0d,H,L,A
1418,3206,6xlq,B,C,A
2214,5022,7tes,H,L,B
1758,3995,7kqh,H,L,B
2839,6514,7rfp,H,L,A
55,98,1mlc,B,A,E
2829,6475,8ucd,H,L,C
2219,5038,7tjq,H,L,F
2305,5225,7uvo,A,B,C
2311,5234,7uz5,H,L,A
1759,3997,7kqi,A,C,B
898,1964,5xs7,H,L,A
1516,3450,7ch4,H,L,R
38,61,1igc,H,L,A
672,1386,5h35,A,B,C
2202,4998,7tca,H,L,B
2167,4942,7stf,H,L,A
751,1611,5njg,C,D,B
1649,3733,7f6y,H,L,R
1695,3842,7k45,H,L,B
2499,5666,7ycn,E,F,A
1698,3852,7k7i,H,L,A
349,606,3o2d,H,L,A
828,1806,5vgj,H,L,G
784,1680,5thr,P,Q,C
2260,5124,7u9o,H,L,A
1623,3689,7eam,H,L,A
1522,3456,7che,A,B,R
1038,2304,6iea,H,L,A
1062,2376,6jod,H,L,A
2837,6507,7rai,I,M,C
80,134,1p2c,B,A,C
929,2029,6aq7,H,L,A
1570,3576,7dc8,B,A,C
2237,5080,7trh,H,B,G
881,1929,5wth,E,D,B
1697,3847,7k66,B,C,A
2729,6254,8gje,H,L,A
1299,2949,6urm,H,L,F
2911,6704,3ulv,D,C,A
1640,3719,7ey4,H,L,R
1259,2826,6sne,B,A,O
1670,3785,7jks,H,L,G
2537,5773,7zlh,H,L,A
3023,6932,4kvn,H,L,A
2125,4849,7sbg,H,L,C
2583,5901,8cwk,A,B,C
2472,5613,7xmz,D,E,A
3056,7016,4pd4,J,K,E
1019,2245,6glw,H,L,A
1400,3177,6x58,A,B,E
1080,2426,6ln2,C,B,A
2880,6627,3j3p,H,L,1
1983,4514,7oh0,C,B,A
774,1661,5t5n,G,F,E
115,185,1xgt,B,A,C
2769,6372,8hes,H,L,C
1702,3869,7k8u,H,L,A
1271,2865,6txz,H,L,A
2875,6618,3gjf,H,L,A
2429,5527,7x2w,H,L,C
220,350,2vdn,H,L,A
1111,2481,6mtn,H,L,G
495,955,4s1s,H,L,G
11,19,1cz8,H,L,W
1303,2956,6utk,H,L,G
2182,4969,7t4g,H,L,A
1061,2371,6jjp,A,B,C
1266,2854,6t3f,H,L,F
711,1498,5kaq,H,L,B
260,429,3be1,H,L,A
236,375,2wuc,H,L,A
684,1410,5hj3,M,N,L
748,1602,5nj3,C,D,B
1937,4406,7n4l,H,L,A
1529,3466,7cjf,A,B,C
1705,3874,7k8x,D,F,B
2744,6301,8gsf,H,L,A
1494,3407,7bep,A,B,E
2983,6868,4i18,H,L,C
1831,4180,7lqv,H,L,A
2051,4703,7qti,F,E,A
2315,5244,7uz9,H,L,A
2338,5314,7we8,H,L,A
2083,4748,7rdw,U,V,D
2465,5594,7xdb,E,D,A
2334,5302,7wb5,H,L,R
2481,5635,7xst,F,G,A
493,953,4s1q,H,L,G
673,1389,5h37,G,H,A
2381,5437,7wr8,A,B,R
2929,6745,3zdy,H,L,A
1176,2602,6ol5,A,B,H
2512,5694,7yrf,F,E,C
2085,4753,7rew,A,B,G
1591,3625,7dzy,H,L,B
1827,4167,7lop,W,V,Z
120,192,1yqv,H,L,Y
1803,4113,7lf1,D,E,B
3083,7118,5h32,I,M,C
1114,2484,6mu7,H,L,G
2060,4716,7r6w,H,L,R
73,122,1ob1,A,B,C
2492,5654,7y7j,E,D,A
1681,3797,7jtf,A,B,E
2284,5183,7up9,H,L,G
2160,4927,7sod,H,L,A
1636,3712,7eo0,H,L,3
169,269,2hmi,D,C,B
2928,6743,3zdx,H,L,A
1364,3092,6w4m,H,L,G
2502,5672,7ye9,H,L,A
2747,6308,8gv6,G,H,C
1387,3140,6woq,J,K,E
1588,3622,7dq7,H,L,B
1794,4075,7lcn,B,D,A
878,1922,5wi9,H,L,A
1103,2464,6mfp,H,L,G
25,45,1g7i,B,A,C
1420,3214,6xoc,A,B,H
3145,7441,6feq,D,C,B
427,787,4kro,D,C,A
655,1346,5fhc,A,B,J
1724,3917,7kf0,H,L,V
2682,6148,8epa,H,L,I
976,2104,6chb,Q,R,H
42,65,1j1x,H,L,Y
1737,3949,7ki6,H,L,A
1040,2307,6iec,C,D,B
1313,2978,6v8x,C,D,A
2404,5475,7wtk,H,L,C
321,554,3jwo,H,L,A
2398,5465,7wt9,H,A,E
1553,3533,7czs,H,K,A
492,949,4rx4,H,L,G
841,1830,5vl7,H,L,B
1783,4043,7l7e,C,D,b
1467,3354,7a69,C,B,A
2444,5553,7x6o,J,L,F
515,1004,4v1d,A,B,C
217,347,2vdk,H,L,A
2931,6749,3ze0,H,L,A
2546,5794,7zr9,H,L,A
1490,3399,7ben,H,L,E
1194,2656,6oy4,D,C,A
1329,3037,6vo0,H,L,A
1452,3304,6zcz,H,L,E
225,355,2vh5,H,L,R
2261,5125,7u9p,H,L,A
2196,4988,7tat,H,L,A
1380,3130,6wmw,H,L,B
2460,5587,7xcz,D,E,A
2642,6054,8dw9,H,L,A
2464,5593,7xda,B,C,A
2762,6355,8hc8,H,L,C
2939,6767,4al8,H,L,C
1593,3629,7e39,C,B,A
2225,5052,7tm0,J,K,B
2932,6751,3ze1,H,L,A
1933,4402,7n3d,H,L,C
2043,4691,7qf1,C,B,A
2396,5462,7wt7,H,D,C
1226,2734,6pze,H,L,A
2797,6413,8j1v,H,K,A
1298,2948,6urh,H,L,C
2799,6419,8ol9,B,A,H
527,1050,4xnx,H,L,A
2634,6037,8dto,G,H,E
3127,7335,7pa9,K,L,D
1963,4459,7niw,C,B,A
587,1173,5a7x,D,C,A
2274,5156,7ugq,I,L,C
2336,5306,7wbz,H,L,A
364,640,3raj,H,L,A
2057,4711,7r40,H,L,A
1295,2939,6um7,J,K,A
2698,6180,8f60,A,B,C
468,886,4plk,H,L,A
1873,4269,7m6h,D,F,B
3082,7115,5h30,I,M,C
2630,6024,8dpm,D,E,A
1728,3929,7kfe,H,J,C
1332,3046,6vrh,B,C,A
1868,4260,7m6d,A,B,C
964,2086,6bpe,B,C,A
1294,2936,6um6,C,D,A
566,1127,4yxh,H,L,A
853,1863,5w0k,H,L,A
1402,3182,6xc2,H,L,A
1166,2589,6oe5,H,L,A
1359,3084,6w16,H,L,F
2560,5833,8as2,H,L,A
2033,4661,7q6e,H,L,A
2700,6182,8f6o,A,B,C
2306,5226,7uvs,A,B,C
1152,2563,6nnj,H,L,G
1842,4199,7luc,D,E,C
1115,2485,6mu8,H,L,G
1716,3896,7kd6,C,D,E
2089,4765,7rkv,D,H,B
3004,6898,4k24,H,L,U
1430,3230,6xr0,H,L,M
2424,5517,7x2h,A,B,E
1391,3151,6wqo,B,C,A
1801,4103,7lez,Q,O,M
2310,5231,7uz4,H,L,A
2621,6000,8dlr,H,L,A
2611,5983,8dfh,H,L,A
188,297,2nxz,D,C,A
1238,2757,6q20,H,L,A
2589,5943,8d0y,H,L,G
1743,3968,7kmg,A,B,C
1385,3137,6wo4,H,L,E
544,1072,4xvu,C,D,B
1381,3131,6wmw,M,N,B
1897,4310,7mlh,C,A,F
991,2148,6dc3,H,L,F
1171,2595,6ogx,C,D,G
2055,4707,7qu1,A,B,C
1361,3089,6w2b,B,C,A
1624,3691,7ean,H,L,A
2672,6120,8eeu,H,L,A
206,329,2qqn,H,L,A
325,565,3kr3,H,L,D
2596,5952,8db4,C,D,E
2421,5512,7x28,C,D,F
2772,6377,8hhx,F,G,B
2300,5214,7urx,H,L,C
2107,4809,7s0c,H,L,A
30,50,1g9n,H,L,G
1024,2258,6h3u,H,L,B
1546,3508,7cwt,L,H,A
2031,4655,7q0i,H,L,C
1220,2715,6ppg,B,A,G
2023,4646,7ps6,H,L,E
16,28,1eo8,H,L,A
2345,5327,7wef,C,L,E
3029,6939,4liq,H,L,E
2293,5206,7ura,H,L,A
1709,3887,7k9i,H,L,A
1089,2445,6m38,H,L,A
923,2018,6aj9,H,L,C
2330,5294,7vux,H,L,A
3091,7132,5i75,B,C,A
191,300,2ny2,D,C,A
1189,2647,6osh,H,L,K
484,937,4rfn,H,L,G
2291,5200,7upy,H,L,B
2649,6075,8dxu,H,L,R
1677,3793,7jn5,H,L,F
3059,7026,4r0l,H,L,D
22,38,1fns,H,L,A
1309,2966,6v4n,A,B,I
322,555,3k2u,H,L,A
2217,5034,7the,B,C,A
2532,5759,7zfc,H,L,E
1571,3578,7dcc,A,F,K
2244,5088,7txw,H,L,A
2146,4902,7sk6,F,E,A
1212,2699,6pe8,H,L,T
777,1669,5t85,H,L,G
1982,4505,7o9w,C,B,A
886,1938,5x2o,H,L,A
290,491,3g6j,F,E,B
1668,3782,7jie,C,D,B
430,797,4kxz,Q,P,D
1312,2976,6v6w,I,J,G
2937,6762,3zkn,H,L,A
2436,5534,7x46,H,L,B
2989,6877,4idj,H,L,A
1504,3426,7c2l,H,L,A
2158,4923,7sob,G,I,A
826,1802,5vco,B,A,F
226,356,2vir,B,A,C
643,1293,5esz,H,L,G
1279,2892,6u38,H,L,B
2234,5072,7tpg,H,L,B
724,1534,5kw9,H,L,A
2198,4994,7tb8,H,L,A
2242,5085,7tuf,A,B,C
1947,4434,7nd4,H,L,C
1885,4289,7mep,H,L,A
831,1810,5viy,I,J,D
1592,3628,7e23,B,C,A
598,1204,5bo1,H,L,B
867,1893,5w9i,C,D,A
2891,6661,3rhw,F,N,B
2655,6088,8e6j,H,L,A
2821,6454,8tp6,H,L,A
1160,2573,6o9i,A,B,C
3001,6893,4jr9,H,L,A
1384,3136,6wo3,H,L,E
1639,3718,7ey0,H,L,R
2885,6641,3ncy,P,S,B
971,2098,6ccb,H,L,G
2768,6371,8hed,G,F,B
208,338,2r0k,H,L,A
2917,6714,3vi4,F,E,B
2437,5535,7x47,H,L,B
645,1297,5ezo,H,L,A
1136,2536,6nf5,O,P,J
2765,6362,8hcb,F,G,A
905,1980,5yoy,G,D,B
1714,3894,7kbb,H,L,D
437,819,4lsu,H,L,G
610,1227,5cez,D,E,B
122,194,1yyl,H,L,G
2592,5946,8d7e,F,G,C
3111,7235,7mno,H,L,A
193,302,2ny4,D,C,A
2910,6703,3ulv,H,L,A
2909,6701,3ubx,H,L,A
2265,5137,7ucf,H,L,G
1802,4107,7lf0,D,E,B
3114,7244,7mxe,R,W,J
2719,6234,8g4t,H,L,F
1578,3601,7dk2,J,K,L
1042,2313,6ieq,H,L,G
1708,3885,7k9h,H,L,B
2373,5417,7wp0,H,L,F
401,711,4dtg,H,L,K
2844,6523,7rxd,H,L,N
2616,5995,8dki,A,B,P
1772,4020,7l0n,H,L,R
2720,6237,8g85,F,I,B
1274,2879,6u02,H,L,A
2203,5000,7tcc,F,G,B
1715,3895,7kbt,E,F,A
2690,6166,8ez3,H,L,A
2489,5649,7y0w,H,L,R
876,1915,5wdu,C,B,G
2181,4963,7t3d,C,D,A
3146,7445,6fgb,H,L,A
572,1144,4z7o,H,L,A
504,976,4u1g,B,C,A
2400,5469,7wtg,H,L,E
2935,6758,3ztn,H,L,A
2046,4696,7qnx,H,L,E
1502,3424,7byr,H,L,B
2162,4931,7sof,H,L,A
1854,4235,7lxz,E,D,A
3115,7245,7n0a,B,A,C
1267,2855,6t3j,A,B,E
1113,2483,6mu6,H,L,G
2440,5542,7x63,H,L,R
494,954,4s1r,H,L,G
2647,6068,8dwy,H,L,P
1738,3961,7klc,H,L,A
481,922,4r9y,H,L,B
2061,4717,7r6x,H,L,R
2114,4825,7s1b,H,L,A
2580,5896,8cwj,A,B,I
18,30,1fbi,H,L,X
1250,2788,6rcv,E,D,A
245,400,2ypv,H,L,A
2124,4848,7sbd,H,L,C
392,690,3w2d,H,L,A
2479,5630,7xsc,A,B,E
999,2163,6dzv,B,C,A
1256,2817,6s8d,H,L,A
390,687,3vrl,H,L,C
1190,2648,6osv,H,L,K
2879,6626,3j3o,H,L,1
204,327,2qqk,H,L,A
2012,4629,7pqz,A,B,E
480,921,4r8w,H,L,B
955,2073,6bft,H,L,C
2509,5688,7yqz,I,G,A
2425,5519,7x2i,H,L,B
837,1823,5vkd,H,L,A
205,328,2qql,H,L,A
166,266,2hfg,H,L,R
804,1725,5ug0,D,C,A
336,583,3lzf,H,L,A
1041,2311,6iek,B,C,A
2903,6691,3t3m,H,L,A
2688,6159,8euv,I,J,D
1845,4214,7lwd,H,L,A
491,948,4rwy,H,L,A
2441,5543,7x66,H,L,R
1719,3906,7kej,H,K,B
2555,5815,8a94,R,O,A
1872,4267,7m6g,H,L,C
2470,5609,7xjf,A,B,C
3072,7079,5cjs,H,L,C
1030,2282,6hx4,H,L,B
1192,2652,6ot1,J,K,E
287,488,3fmg,H,L,A
1878,4278,7m8j,H,L,A
862,1886,5w5x,H,L,A
1307,2963,6uyg,H,L,E
764,1650,5sy8,H,L,O
2071,4727,7r8l,C,D,E
2418,5507,7x1m,C,D,M
2406,5480,7wuh,H,I,E
944,2048,6b0n,H,L,G
6,7,1bj1,H,L,W
2385,5441,7wrz,H,L,R
710,1495,5kan,G,I,D
1741,3965,7klh,H,L,A
9,16,1c08,B,A,C
1637,3715,7epx,H,L,A
1276,2886,6u0n,H,L,A
823,1796,5v8m,H,L,A
340,587,3mxw,H,L,A
1441,3263,6yio,H,L,B
818,1786,5uty,H,L,G
362,638,3r08,H,L,E
1252,2795,6rp8,H,L,C
2360,5359,7wly,P,O,B
1549,3517,7cyp,E,D,A
2446,5566,7x7t,C,D,G
2920,6718,3wd5,H,L,A
2640,6052,8dw3,D,C,B
2286,5187,7upd,B,E,A
2420,5511,7x26,H,K,I
1188,2641,6orq,D,E,B
1773,4022,7l2c,H,L,A
2856,6560,7sj0,B,L,A
2393,5458,7ws7,K,J,B
1951,4442,7nd8,H,L,B
2047,4697,7qnx,A,B,E
2907,6698,3u4e,H,L,G
412,744,4g80,C,D,J
967,2091,6c6y,A,B,S
2960,6807,4f3f,B,A,C
2666,6108,8ebp,H,L,A
2947,6783,4d9q,E,D,B
2474,5617,7xod,X,Y,A
471,897,4qex,H,L,A
1880,4282,7mdj,A,B,C
1739,3962,7klc,D,C,A
2461,5588,7xcz,B,C,A
1001,2169,6e1k,D,C,B
1966,4474,7nrh,H,L,A
902,1968,5y9f,L,K,A
649,1332,5f96,H,L,G
2017,4638,7ps0,H,L,E
883,1933,5x0t,A,B,E
3128,7355,7pg8,I,G,K
1792,4073,7lbg,F,E,A
914,2002,6a78,H,L,A
3037,6953,4m48,H,L,A
1909,4343,7mw4,H,L,C
2218,5035,7tht,H,L,C
339,586,3mj9,H,L,A
2335,5303,7wbh,U,V,A
1558,3545,7czx,H,K,A
155,245,2fd6,H,L,U
2302,5219,7uvf,H,L,A
95,156,1rzk,H,L,G
1824,4163,7lo7,H,L,Z
2809,6433,8so3,Y,Z,X
33,53,1i9r,H,L,A
1626,3693,7eh5,D,O,A
2617,5996,8dkm,A,B,P
213,343,2r56,H,L,A
812,1773,5uqy,D,C,A
1150,2561,6nnf,H,L,G
2339,5315,7we9,H,L,A
1915,4358,7mxd,X,Y,F
119,190,1ynt,B,A,F
1645,3724,7ezv,M,N,A
2614,5990,8dg9,H,L,A
2593,5947,8d8q,H,L,A
2433,5531,7x3e,H,L,B
2561,5834,8as3,H,L,A
741,1582,5mvz,H,L,U
2101,4798,7rxj,A,B,G
2780,6392,8hs2,B,C,R
2996,6887,4jlr,H,L,S
1070,2406,6ko5,H,L,A
2377,5421,7wpd,X,Y,A
2741,6296,8gsc,H,L,1
3113,7238,7mxe,H,L,D
2625,6010,8dm4,H,L,A
2228,5060,7tn0,H,G,I
552,1099,4ybl,H,L,G
1084,2437,6lyn,A,B,C
2390,5453,7ws4,I,H,C
2090,4769,7rq6,H,L,A
1404,3185,6xc3,B,A,C
1408,3190,6xcj,H,L,G
2485,5643,7y0c,A,B,R
1731,3937,7kfw,H,L,A
2607,5971,8df1,U,V,F
2313,5238,7uz7,H,L,A
972,2100,6ce0,H,L,G
554,1103,4yc2,H,L,G
2751,6320,8h01,E,D,A
1630,3705,7ejy,H,L,R
110,180,1vfb,B,A,C
37,60,1ic7,H,L,Y
716,1511,5ken,C,D,B
798,1712,5u7m,H,L,G
1043,2314,6ii4,H,L,A
74,125,1orq,B,A,C
936,2037,6az2,A,F,B
449,855,4nzr,H,L,M
1036,2300,6iap,E,D,A
3065,7050,4uv7,H,L,A
2488,5648,7y0w,A,B,R
921,2016,6aj7,H,L,C
12,21,1dqj,B,A,C
1671,3786,7jkt,H,L,G
1142,2548,6nm6,H,L,G
1427,3225,6xq2,B,C,A
508,985,4ubd,C,D,B
2038,4675,7q9k,H,L,C
62,108,1ncb,H,L,N
2704,6195,8fgx,B,A,C
146,233,2dqi,H,L,Y
530,1055,4xp1,H,L,A
1459,3333,7a0w,C,D,A
358,625,3q3g,B,A,E
320,552,3jwd,H,L,A
1531,3468,7cn2,H,L,D
3096,7189,5t1d,H,L,B
2367,5376,7wo5,F,G,A
1130,2524,6n81,C,D,B
1477,3368,7ams,H,L,B
2292,5203,7ur4,I,J,A
2207,5008,7te1,H,L,D
2428,5526,7x2t,H,L,C
2344,5326,7wee,H,L,E
2776,6386,8hij,H,L,A
526,1049,4xnu,H,L,A
794,1704,5tz2,H,L,C
345,599,3nid,H,L,A
943,2047,6b0n,D,E,G
1961,4457,7niv,E,D,A
2722,6241,8g9x,H,L,O
1837,4192,7ls9,H,L,A
808,1767,5um8,H,L,G
2576,5883,8cim,D,E,A
2723,6242,8g9y,H,L,D
892,1953,5xbm,B,A,C
1903,4326,7mmo,A,B,C
2473,5616,7xnf,H,L,A
2268,5142,7ucg,C,F,I
1835,4188,7lrs,D,E,C
1454,3308,6zdh,D,F,B
2590,5944,8d0z,H,L,A
83,142,1qfu,H,L,A
978,2110,6ck9,H,L,G
128,208,2a0l,F,E,B
973,2101,6ch7,Q,R,G
2322,5278,7vad,H,L,A
2801,6421,8oxw,B,C,A
417,763,4ij3,C,B,A
2172,4949,7swn,H,L,A
2327,5285,7vgs,D,C,A
548,1088,4xzu,E,F,G
2354,5349,7wk8,C,D,A
1980,4503,7o52,H,L,U
1797,4082,7ldd,K,J,D
2413,5496,7wwl,J,N,A
1193,2655,6otc,H,L,A
1596,3632,7e3o,H,L,R
2753,6326,8h07,N,O,C
1095,2454,6mco,H,L,G
160,254,2fjh,B,A,W
2229,5062,7tn9,A,B,U
56,102,1n5y,H,L,B
2224,5051,7tlz,B,A,J
187,296,2nxy,D,C,A
311,527,3j8v,F,J,D
1887,4293,7mf1,H,L,A
71,119,1oak,H,L,A
2251,5103,7u2e,H,L,A
821,1792,5v7j,H,L,G
98,161,1sy6,H,L,A
2364,5367,7wn8,H,L,A
2331,5295,7vyr,H,L,R
2540,5776,7zlk,Q,R,C
2750,6317,8h00,E,D,A
2517,5705,7z12,B,C,A
1833,4184,7lr3,H,L,D
263,434,3bqu,D,C,B
203,325,2qad,H,G,E
1254,2809,6s3d,A,B,N
1133,2530,6nb4,H,L,A
194,303,2ny5,H,L,G
114,184,1xgr,B,A,C
2027,4651,7q0g,H,L,E
2709,6202,8g30,E,F,M
1093,2451,6m47,H,L,A
817,1785,5uty,D,E,B
1397,3167,6ww5,C,D,B
2372,5386,7won,H,L,F
1360,3085,6w1c,I,M,F
2785,6399,8itu,E,D,A
237,376,2x7l,A,B,O
377,660,3u30,C,B,A
1727,3926,7kfb,G,J,A
679,1402,5hhv,H,L,A
2384,5440,7wrv,U,V,C
1205,2680,6p67,A,B,K
1755,3989,7kqb,H,L,A
2477,5624,7xsa,H,I,J
2329,5289,7vng,H,L,D
134,216,2b2x,H,L,A
2503,5675,7yeg,H,L,A
1144,2550,6nmr,A,B,E
1069,2398,6k7o,B,C,P
3063,7047,4uih,F,G,C
3124,7296,7nx3,B,C,F
2575,5869,8cde,D,C,B
142,228,2dqe,H,L,Y
663,1373,5ggt,H,L,A
105,171,1ua6,H,L,Y
866,1890,5w9h,E,F,D
2462,5589,7xd2,D,J,C
2528,5745,7zfa,H,L,A
1621,3686,7e9q,H,L,A
1275,2883,6u0l,H,L,A
1722,3913,7kex,G,J,A
2894,6676,3rif,I,O,D
2843,6521,7rxc,H,L,N
2800,6420,8oxv,B,C,A
2304,5223,7uvi,A,B,C
1097,2456,6meh,H,L,C
2665,6105,8eb2,N,O,G
1366,3106,6was,H,L,J
592,1188,5any,I,M,B
348,605,3nps,B,C,A
2721,6240,8g9w,H,L,E
399,709,4d3c,H,L,A
1725,3919,7kf1,H,L,V
2370,5382,7wob,D,B,A
2730,6257,8gjn,A,B,C
175,280,2iff,H,L,Y
667,1377,5gmq,B,C,A
980,2114,6cmg,C,B,A
379,664,3u9u,A,B,F
2680,6144,8eoo,A,B,C
2014,4633,7pry,A,B,I
3153,7477,6jht,E,D,C
130,211,2aep,H,L,A
2510,5690,7yr0,C,B,A
44,67,1jps,H,L,T
2731,6258,8gng,H,L,A
2686,6154,8euq,C,D,A
2841,6519,7rp2,H,I,A
681,1404,5hi3,H,L,B
1883,4285,7mdu,E,F,A
2249,5101,7u0d,O,P,B
1032,2286,6i04,H,L,A
2534,5762,7zfd,A,B,F
2728,6251,8ghp,H,L,A
1,1,1a2y,B,A,C
2357,5355,7wkx,B,D,E
690,1428,5if0,H,L,G
1484,3391,7bei,H,L,E
1491,3401,7ben,A,B,E
2500,5670,7ydy,H,L,A
116,186,1xgu,B,A,C
1895,4308,7mkl,H,L,A
2828,6472,8ttw,Q,R,I
983,2119,6cnk,K,J,E
2029,4653,7q0h,H,L,E
2678,6135,8elj,S,T,B
1424,3220,6xpy,B,C,A
1874,4271,7m6i,H,L,C
1105,2468,6mg7,H,L,G
2349,5334,7wh8,B,A,C
2119,4830,7s5r,B,C,A
2342,5322,7wec,H,L,A
2483,5640,7xxl,A,C,B
719,1525,5kqv,C,D,E
781,1673,5tfw,H,L,O
1164,2586,6oe4,B,C,A
613,1232,5cus,H,L,A
585,1168,4zyp,F,G,B
2613,5989,8dg8,H,L,B
2624,6007,8dm3,H,L,A
144,231,2dqg,H,L,Y
2075,4736,7r9d,H,L,N
2409,5487,7wvm,A,B,E
2993,6883,4j4p,H,L,A
998,2159,6dkj,A,B,D
1131,2526,6n8d,D,B,A
1168,2592,6ofi,H,L,G
2333,5300,7w71,H,L,A
1631,3706,7ejz,H,L,R
85,144,1qfw,I,M,B
1699,3862,7k8m,A,B,E
1198,2660,6p3r,A,B,L
2858,6565,5vk2,D,E,c
254,414,3a6c,H,L,Y
1653,3737,7fae,H,L,A
335,582,3lqa,H,L,G
215,345,2uzi,H,L,R
1469,3356,7a6e,C,B,A
569,1130,4yzf,E,F,A
2280,5171,7umm,H,L,A
2817,6448,8tp2,H,L,C
1528,3464,7cj2,C,D,A
3002,6894,4jre,H,L,D
2832,6486,8w84,A,B,C
1665,3778,7jgj,H,L,A
1656,3757,7fci,H,L,A
2892,6666,3ri5,I,O,D
2638,6050,8dw2,D,C,B
14,26,1e6j,H,L,P
682,1406,5hi4,H,L,A
2401,5470,7wth,H,L,E
2294,5207,7urc,H,L,A
1021,2249,6gv1,H,L,A
387,683,3v7a,E,H,A
1233,2751,6q0i,H,L,A
2059,4715,7r6w,A,B,R
595,1198,5bjz,C,L,A
1667,3780,7jhh,H,L,A
3009,6907,4kht,H,L,A
2022,4645,7ps5,H,L,E
1265,2852,6sxi,A,B,H
1281,2896,6u59,H,L,A
1086,2442,6m0f,H,L,A
1054,2357,6j15,H,L,D
694,1446,5j3d,H,L,K
2201,4997,7tc9,H,L,B
2493,5655,7y7k,B,C,A
2538,5774,7zli,H,L,A
1615,3676,7e8f,C,B,R
1557,3543,7czw,H,L,A
1321,3001,6vgr,C,D,A
760,1634,5ob5,H,L,A
2403,5474,7wtj,H,L,E
2180,4962,7t2p,H,L,A
1074,2412,6ktr,A,B,C
54,96,1mhp,H,L,A
1216,2708,6phd,H,L,C
815,1783,5utf,D,E,B
2637,6047,8dun,H,L,G
1771,4018,7l0n,A,B,R
1532,3474,7coe,H,L,A
1409,3191,6xcm,H,L,C
568,1129,4yxl,H,L,A
974,2102,6ch8,Q,R,G
546,1077,4xwo,C,D,A
1330,3040,6vo1,H,L,A
1750,3981,7kn6,H,L,A
1413,3198,6xe1,H,L,E
713,1504,5kel,M,O,F
1796,4079,7ld1,M,N,C
2734,6265,8gp5,E,F,X
1988,4521,7ora,F,G,R
1647,3731,7f62,H,L,A
1994,4536,7ox4,A,B,C
2707,6200,8fxb,H,L,E
1641,3720,7ey5,H,L,A
2151,4907,7sn2,H,L,A
1643,3722,7eya,H,L,R
2898,6686,3so3,C,B,A
113,183,1xgq,B,A,C
1561,3553,7d00,H,K,A
1153,2564,6nnj,U,V,G
2308,5229,7uxl,A,B,R
2739,6278,8gq1,H,L,C
195,304,2ny6,D,C,A
1524,3458,7chf,A,B,R
1292,2932,6ulc,H,L,A
1286,2910,6udk,H,L,K
1165,2588,6oe5,B,C,A
1956,4449,7ndd,H,L,B
1604,3650,7e5s,R,O,A
765,1651,5t29,H,L,O
3121,7270,7nez,D,C,B
2453,5573,7x7v,H,L,E
2415,5502,7x08,H,L,A
1784,4047,7l7r,B,A,G
1247,2784,6rcu,B,C,A
1172,2596,6ogx,H,L,G
3076,7091,5d1z,D,C,I
2135,4877,7sfw,M,N,B
2692,6168,8ez8,H,L,A
2677,6133,8el2,H,L,A
2639,6051,8dw2,H,L,B
954,2072,6bfs,H,L,C
250,405,2zjs,H,L,Y
52,82,1kir,B,A,C
2994,6885,4jdt,H,L,G
1028,2278,6hhc,H,L,A
124,198,1z3g,H,L,A
1595,3631,7e3c,B,C,A
2703,6192,8fe4,H,L,B
2283,5180,7uop,H,L,A
1544,3502,7cws,E,D,Q
1720,3909,7ket,A,B,C
323,562,3kj4,H,L,A
771,1657,5t3z,H,L,G
2131,4869,7sd5,H,L,A
758,1631,5o6v,H,L,B
2609,5979,8df5,A,B,R
2312,5235,7uz6,H,L,A
1788,4069,7lbe,F,E,A
1943,4418,7n8i,H,L,A
2822,6457,8tp7,D,F,A
2533,5760,7zfc,A,B,E
1965,4467,7np1,H,L,A
1607,3657,7e7x,H,L,A
1823,4160,7lo6,H,G,E
2644,6057,8dwo,H,L,B
2127,4851,7sc1,H,L,A
1587,3618,7dpm,A,B,C
1967,4475,7ntc,H,L,C
1315,2984,6v8z,C,F,A
1085,2441,6lz9,H,L,B
347,603,3nig,H,L,A
1058,2362,6j6y,B,C,A
3148,7464,6hjq,G,H,B
1545,3505,7cwt,E,D,A
2691,6167,8ez7,H,L,A
1599,3637,7e5r,M,U,A
1443,3266,6ym0,H,L,E
1440,3260,6ye3,A,B,C
1556,3540,7czv,H,K,A
1908,4340,7mw3,H,L,C
2775,6385,8hii,H,L,A
1235,2753,6q0o,Z,B,A
209,339,2r0l,H,L,A
3102,7220,7mgw,B,C,A
1196,2658,6oz3,H,L,G
1033,2290,6i3z,H,L,A
2972,6833,4hc1,H,L,A
396,695,3x3f,H,L,A
106,172,1uac,H,L,Y
604,1219,5c6t,H,L,A
2667,6110,8edf,H,L,A
3136,7405,6bsp,A,B,D
605,1220,5c7k,E,F,D
1762,4000,7ks9,H,L,B
2627,6014,8dmj,D,E,C
2359,5358,7wlw,H,L,A
884,1935,5x2m,J,K,C
2566,5846,8bk2,H,L,A
1690,3824,7jwg,H,L,C
2277,5164,7ul0,H,L,A
1221,2717,6pv7,F,G,D
1987,4519,7ora,A,B,R
50,80,1kip,B,A,C
2651,6078,8dzh,E,D,A
2602,5962,8de3,B,C,A
2675,6127,8ek1,H,L,P
1344,3065,6vyh,D,C,A
2010,4623,7po5,H,L,A
1506,3431,7c61,H,L,A
2348,5333,7wgt,H,L,A
982,2116,6cnj,G,F,C
1046,2339,6ion,H,L,A
625,1260,5dhy,H,L,M
1940,4411,7n62,H,L,A
2095,4788,7ru3,H,L,A
1167,2590,6oej,H,L,G
906,1986,5ywo,N,M,C
172,272,2i5y,H,L,G
641,1289,5en2,A,B,C
2067,4723,7r89,C,D,B
3100,7203,7mdp,H,I,A
123,196,1yym,H,L,G
2539,5775,7zlj,H,L,A
1088,2444,6m2r,H,L,A
2072,4728,7r8m,H,L,B
17,29,1ezv,X,Y,E
426,778,4khx,H,L,A
1444,3273,6yor,B,C,A
1581,3609,7dk6,a,b,A
1852,4229,7lxy,E,D,A
3112,7237,7mub,A,B,C
2922,6721,3wfc,H,L,B
2812,6439,8szy,I,M,U
2007,4614,7pi7,B,C,A
3062,7044,4uif,K,L,C
2139,4891,7sjn,H,L,A
1197,2659,6oz4,H,L,G
1248,2785,6rcu,E,D,A
754,1623,5o14,H,L,A
2236,5079,7tr4,H,L,A
507,984,4uao,C,B,A
776,1668,5t80,H,L,G
1744,3970,7kmh,A,B,C
1393,3157,6wtv,B,C,A
2930,6747,3zdz,H,L,A
2235,5073,7tpj,H,L,B
2239,5082,7ttm,H,L,A
2527,5743,7zf9,A,B,C
545,1076,4xwg,H,L,A
2980,6859,4hkx,A,B,E
1706,3876,7k8z,H,L,A
2079,4742,7ral,H,L,B
827,1804,5veb,A,B,X
1618,3679,7e9n,P,O,B
3133,7399,6b7z,C,D,A
1320,2999,6veq,C,D,E
2227,5058,7tn0,B,A,I
2600,5958,8dcc,H,L,E
1386,3138,6wo5,H,L,E
1473,3362,7akj,G,F,C
2778,6388,8hlb,B,C,A
1373,3120,6wik,D,C,A
2130,4866,7sd3,N,K,B
223,353,2vdq,H,L,A
869,1899,5w9k,H,I,G
1884,4286,7mem,H,L,E
1016,2215,6fy1,H,L,G
1602,3645,7e5s,I,K,B
1249,2786,6rcv,C,B,A
745,1597,5ngv,H,L,A
840,1826,5vl3,A,B,R
1525,3459,7chh,D,E,A
1503,3425,7bz5,H,L,A
773,1659,5t5b,H,L,E
931,2031,6att,H,L,A
2702,6189,8fe3,H,L,B
2113,4823,7s1b,X,Y,A
1390,3149,6wpt,H,L,C
2388,5449,7ws2,E,D,A
1539,3489,7cwm,H,L,A
2927,6741,3wlw,C,D,A
174,276,2i9l,H,G,L
1075,2414,6kyz,B,C,A
2881,6628,3j42,G,H,E
2431,5529,7x3c,F,E,B
1461,3346,7a3n,H,L,A
2266,5138,7ucf,D,E,G
1174,2598,6okp,K,L,E
181,286,2j5l,C,B,A
960,2080,6bkd,H,L,E
2833,6488,8w85,A,B,C
2794,6410,8ivx,H,L,A
3089,7130,5i73,B,C,A
933,2033,6avr,H,L,B
565,1126,4yx2,H,L,A
400,710,4dag,H,L,A
61,107,1nca,H,L,N
1368,3109,6weq,E,F,A
1227,2735,6pzf,H,L,A
1110,2480,6mtj,H,L,G
1610,3662,7e88,A,B,C
1510,3438,7cac,E,D,B
7,9,1bql,H,L,Y
2037,4672,7q9j,H,L,A
1457,3322,6zlr,B,C,A
1183,2619,6opp,H,L,A
990,2144,6d2p,H,L,C
2168,4943,7stz,H,L,C
2656,6092,8e6k,H,L,A
1535,3479,7cr5,H,L,A
863,1887,5w5z,H,L,A
65,111,1ndm,B,A,C
1199,2662,6p3s,A,B,L
2439,5541,7x4m,H,L,C
2279,5168,7ul7,H,L,a
1177,2604,6ol6,A,B,H
1499,3416,7bsc,H,L,A
1555,3538,7czu,H,K,A
2362,5362,7wm0,L,H,B
1335,3049,6vrq,H,L,A
608,1225,5cd5,C,D,A
27,47,1g7l,B,A,C
994,2153,6ddr,B,A,C
49,78,1ken,T,U,C
2953,6793,4dqo,H,L,C
797,1708,5u1f,H,L,D
1277,2890,6u2f,H,L,A
2297,5210,7urf,O,P,A
2346,5328,7wg3,H,D,L
813,1779,5ush,H,L,X
2157,4920,7sob,C,B,A
3088,7129,5i71,B,C,A
369,647,3se8,H,L,G
1121,2497,6mwc,C,D,B
1813,4141,7ljr,S,T,A
224,354,2vdr,H,L,A
2138,4888,7si2,H,L,A
922,2017,6aj9,D,E,A
3010,6908,4ki5,C,D,M
1742,3967,7kmd,H,L,G
856,1873,5w1m,B,A,R
2212,5018,7teq,H,L,B
2272,5150,7ugp,I,L,C
2522,5735,7zf3,H,L,E
189,298,2ny0,D,C,A
3132,7395,6b70,C,D,A
2463,5592,7xda,D,E,A
1347,3071,6w03,D,E,B
3129,7363,7pgb,R,S,T
270,451,3d9a,H,L,C
1523,3457,7chf,H,L,R
1369,3113,6wer,C,D,A
1012,2205,6flc,H,L,G
895,1961,5xj4,H,L,A
259,428,3bdy,H,L,V
448,853,4nnp,H,L,A
1438,3253,6y92,H,L,A
2941,6769,4am0,C,D,T
3011,6909,4ki5,E,F,M
1448,3288,6z06,H,L,A
2664,6104,8eay,H,L,A
1634,3710,7enf,P,O,B
24,44,1g7h,B,A,C
3135,7403,6bf9,C,D,A
822,1793,5v8l,H,L,A
962,2082,6bpa,B,C,A
2806,6426,8sak,H,L,B
2836,6493,7quh,H,L,A
1928,4395,7n0u,H,L,C
1322,3003,6vi0,H,L,G
1134,2531,6nb6,H,L,C
337,584,3ma9,H,L,A
2531,5755,7zfb,J,K,F
2253,5106,7u8e,H,L,A
3120,7268,7neq,D,C,B
2737,6272,8gpt,H,I,C
2542,5781,7zmk,G,H,I
2145,4901,7sk5,F,E,A
1423,3219,6xpx,B,C,A
712,1501,5kel,Q,U,I
1316,2989,6vc9,H,L,A
3131,7391,5zxv,H,L,A
937,2039,6azz,F,E,D
2896,6682,3s88,H,L,J
