,Unnamed: 0.1,Unnamed: 0,pdb,Lchain,Hchain,antigen_chain
267,,267,1a2y,B,A,C
190,,190,5hi4,L,H,A;B
443,443.0,443,6o1f,L,H,A;I
43,,43,8d1t,L,H,A
365,365.0,365,6cmg,B,C,A
459,459.0,459,6pbv,C,D,I
625,625.0,625,7ps6,L,H,E
641,641.0,641,7s11,O,K,F
306,,306,5e8d,L,H,A
192,192.0,192,4kuc,D,H,A
434,434.0,434,6mvl,L,H,A
342,,342,6ddr,B,A,C
519,519.0,519,6xkp,N,M,B
21,,21,8h07,J,E,C
369,,369,4mxv,L,H,A
33,33.0,33,1uwx,L,H,P
236,236.0,236,4ydv,L,H,P
352,352.0,352,6bb4,M,I,Q
458,458.0,458,6p8d,B,A,C
440,440.0,440,6nmu,A,B,C
268,,268,7vad,L,H,A
512,512.0,512,6x1v,L,H,D
503,,503,7n0a,B,A,C
206,,206,6oe4,F,E,D
12,,12,1fbi,P,Q,Y
70,70.0,70,2r56,M,I,B
212,,212,6mek,F,E,C
510,,510,5t33,L,H,G
358,358.0,358,6bpa,F,E,D
514,,514,5mhs,D,E,B
70,,70,7sjn,D,E,B
324,324.0,324,5w06,L,H,T
339,339.0,339,5y9j,L,H,A
164,164.0,164,6vi1,A,B,N
360,,360,1qfw,I,M,B
566,566.0,566,7f7e,L,C,E
297,,297,3ulv,L,H,A
154,154.0,154,6q0o,B,Z,A
353,353.0,353,6bck,L,H,G
191,,191,5ikc,L,H,N
549,549.0,549,7chf,B,A,R
76,76.0,76,2w65,D,C,F
121,121.0,121,3o2d,L,H,A
37,37.0,37,1xgy,L,H,P
144,,144,3eo1,G,H,I
363,363.0,363,6cez,L,H,P
301,301.0,301,5tkk,L,H,A
73,,73,7ucg,D,E,G
44,,44,8hhy,L,H,A
470,,470,7ahv,B,A,H
86,86.0,86,3bn9,C,D,B
106,106.0,106,3k2u,L,H,A
472,472.0,472,6ppg,L,H,F
101,101.0,101,3hae,L,H,A;C
34,,34,7rfp,L,H,A
574,574.0,574,7kmh,B,A,C
628,628.0,628,7qu1,B,A,C
203,,203,5w6g,L,H,A
168,168.0,168,6wir,B,A,C
162,162.0,162,6urm,L,H,F
462,462.0,462,6pdr,L,H,A
5,5.0,5,1ejo,L,H,P
415,415.0,415,6lz9,L,H,B
9,,9,8deq,L,H,F
140,140.0,140,3vg9,B,C,A
128,128.0,128,3qwo,L,H,P
149,,149,6lxk,J,K,C
387,,387,7stz,L,H,C
420,420.0,420,6mg7,L,H,G
1,,1,1acy,L,H,P
40,40.0,40,3iu3,B,A,K
385,385.0,385,6fax,L,H,R
370,370.0,370,6cxy,L,H,C
645,645.0,645,7sjs,L,H,C
595,595.0,595,7mdj,B,A,C
64,,64,7u8g,D,E,A
596,596.0,596,7mmo,B,A,C
107,107.0,107,5nh3,M,I,B
153,,153,4nzr,L,H,M
158,158.0,158,4f15,L,K,J
576,576.0,576,7kpb,L,H,A;C
354,354.0,354,6bfq,L,H,K
545,545.0,545,7c61,L,H,A
389,389.0,389,6fy3,L,H,P
528,528.0,528,6yax,M,I,B
9,9.0,9,1ggi,L,H,P
390,,390,3d85,B,A,C
291,291.0,291,5mvz,L,H,U
77,,77,7sbd,L,H,C
98,98.0,98,3grw,L,H,A
589,589.0,589,7lm9,L,H,A
39,,39,1q1j,L,H,P
101,,101,2vwe,C,E,A
343,343.0,343,6a67,D,C,B
478,478.0,478,6rp8,l,h,c
314,314.0,314,5v6m,L,H,P
287,,287,3jab,L,H,C
567,567.0,567,7jie,D,C,B
0,,0,1a3r,L,H,P
331,331.0,331,5x2o,K,J,C;D
14,14.0,14,1tpx,C,B,A
146,,146,4lmq,L,H,D
188,,188,6vn1,J,N,C
444,,444,6lbh,C,D,B
258,258.0,258,5dmg,F,E,X
191,191.0,191,7e6p,L,H,A
609,609.0,609,7n4j,L,H,A
571,571.0,571,7k7r,D,E,F
37,,37,1p2c,D,E,F
273,,273,6fy1,L,H,G
534,534.0,534,6ztr,L,H,I
148,,148,4yc2,C,B,A
7,7.0,7,1f90,L,H,E
496,,496,5vgj,L,H,G
219,219.0,219,4rdq,F,G,E
464,464.0,464,6pe8,L,H,T
2,,2,8gp5,F,E,X
326,326.0,326,5wi9,L,H,A
436,436.0,436,6n6b,L,K,A
451,,451,6njl,N,M,B
164,,164,4mhh,L,H,E
406,,406,4zxb,C,D,E
56,,56,7xmz,L,H,C
35,,35,6wjl,L,H,G
100,,100,6v4n,C,G,M
536,536.0,536,7a0y,F,E,B
52,52.0,52,3u30,E,F,D
190,190.0,190,7dk2,E,D,F
36,,36,8f5n,L,H,A
484,,484,6oel,L,H,B
31,31.0,31,3bae,L,H,A
52,,52,7wur,F,E,A
270,,270,5grj,L,H,A
193,,193,6p62,C,D,B
232,232.0,232,4xzu,F,E,G
332,332.0,332,5x8m,C,B,A
560,560.0,560,7e5o,L,H,A
148,148.0,148,6nnj,V,U,G
315,315.0,315,5vcn,E,F,A
374,,374,7teq,L,H,B
88,88.0,88,3cxd,L,H,P
208,208.0,208,4ogx,L,H,A
407,407.0,407,6kva,l,h,b
34,,34,2ipu,K,G,P
559,559.0,559,7e3o,L,H,R
91,,91,3ma9,L,H,A
308,,308,5mo9,L,H,X
47,47.0,47,2brr,L,H,P
368,,368,7kdd,D,E,A
187,187.0,187,4jzn,P,I,K
13,,13,8esv,L,H,A
140,,140,4xi5,C,D,B
417,417.0,417,6m3b,B,C,A
516,516.0,516,6xc3,A,B,C
646,646.0,646,7tn0,N,M,S
364,,364,1dee,F,E,H
648,648.0,648,7vux,L,H,A
422,,422,2b4c,L,H,G
195,195.0,195,7keo,F,E,H;G
0,0.0,0,1ahw,D,E,F
67,,67,7uvf,L,H,A
467,467.0,467,6phb,C,D,I
490,490.0,490,6uyn,L,H,B;A
423,423.0,423,6mlk,L,H,A
269,,269,3jwd,O,P,B
33,,33,7ty0,J,N,D
548,548.0,548,7chb,L,H,R
181,,181,5dfv,D,C,A
189,189.0,189,7coe,L,H,A
584,584.0,584,7lfa,L,H,C
250,250.0,250,5bjz,H,D,B
170,170.0,170,4hcr,N,M,B
613,613.0,613,7nx7,L,H,E
637,637.0,637,7rqr,B,A,C
15,,15,8ejh,L,H,A
153,153.0,153,6pzf,L,H,A
114,114.0,114,3mlt,L,H,P
194,194.0,194,7jx3,D,C,R
267,267.0,267,5epm,B,A,C
470,470.0,470,6plh,A,B,C
634,634.0,634,7rfb,B,A,C
378,378.0,378,6ddv,A,B,C
1,1.0,1,1ai1,L,H,P
137,137.0,137,6jbt,L,H,F
74,74.0,74,2vxq,L,H,A
395,395.0,395,6hxw,D,C,B
185,185.0,185,4jqi,L,H,A;V
405,405.0,405,6k65,L,H,A
642,642.0,642,7s13,M,I,C
433,433.0,433,6mtt,L,H,P
200,200.0,200,4lvh,L,K,J
639,639.0,639,7rxj,B,A,G
231,,231,6okp,Q,R,F
141,,141,5k9o,L,H,I
190,190.0,190,4ki5,F,E,M
445,445.0,445,6o24,B,A,I
479,,479,6gv1,L,H,A
234,234.0,234,4y5y,E,D,F
32,32.0,32,1sy6,L,H,A
28,,28,7umn,L,H,A
287,287.0,287,5kzp,J,F,C
605,605.0,605,7n0u,L,H,C
138,,138,6edu,L,M,D
542,542.0,542,7bq5,L,H,A
11,,11,7y1b,L,H,A
243,243.0,243,4zff,B,A,C
172,172.0,172,6xm2,E,F,I
195,195.0,195,4liq,L,H,E
251,251.0,251,5bo1,M,I,A
6,6.0,6,1f58,L,H,P
142,,142,5dwu,L,H,A
50,,50,1yy9,C,D,A
138,138.0,138,6jjp,E,D,F
121,,121,4dqo,L,H,C
79,79.0,79,2xqy,L,G,A
182,182.0,182,7bel,D,C,X
80,80.0,80,4xny,L,H,G
342,342.0,342,5zia,L,G,R
201,201.0,201,4lvn,B,C,A
425,,425,6lyn,B,A,C
338,338.0,338,5y11,B,A,C
323,323.0,323,5vyf,A,B,C
317,317.0,317,5veb,L,H,Y
176,,176,6wn1,F,E,D
186,186.0,186,4jre,L,H,D
80,,80,4hf5,L,H,A
127,,127,4g6j,L,H,A
167,,167,4o02,L,H,A
531,531.0,531,6yxk,B,A,C
271,271.0,271,5fb8,A,B,C
45,45.0,45,2b2x,M,I,B
87,,87,6myy,F,G,E
145,145.0,145,3x3f,L,H,A
446,,446,5e8e,B,A,H
60,60.0,60,2j88,L,H,A
626,626.0,626,7q0i,L,H,C
252,,252,7kbb,B,A,E
31,,31,8d7e,G,F,C
593,593.0,593,7m51,L,H,A
577,577.0,577,7kq7,L,H,B
21,21.0,21,2otw,A,B,E
544,544.0,544,7bxv,L,H,A
27,27.0,27,1pz5,A,B,C
635,635.0,635,7rks,L,H,R
57,,57,7xy8,L,H,A
177,,177,5bv7_2,L,H,A
238,,238,7dkj,C,D,A
473,473.0,473,6pxr,L,H,A
478,,478,6wzm,C,D,F
491,491.0,491,6vbp,I,J,K
563,563.0,563,7e7y,D,C,E
368,368.0,368,6cw3,D,C,F;E
192,,192,5j13,B,C,A
222,,222,7kr5,O,P,F
553,553.0,553,7d85,C,B,A
503,503.0,503,6wg2,L,H,P
256,256.0,256,5dd0,L,H,P
21,21.0,21,1ndg,A,B,C
63,,63,2hh0,L,H,P
325,,325,7kgv,C,E,B
66,66.0,66,2q8a,L,H,A
376,376.0,376,6dca,N,J,R
123,123.0,123,5wtt,B,A,C
382,382.0,382,6e62,L,H,P
55,,55,7t0l,G,K,E
475,475.0,475,6q0h,L,H,A
97,,97,3opz,I,M,B
528,,528,5w42,L,H,A
247,,247,6cse,L,H,M
82,,82,7fbi,L,H,A
151,151.0,151,6p3r,D,C,E
565,565.0,565,7ean,L,H,A
501,501.0,501,6wg0,L,H,P
312,,312,6woq,C,D,F
201,,201,7lbe,G,H,A
483,483.0,483,6tyb,L,H,G
520,520.0,520,6xkq,L,H,A
82,82.0,82,2ypv,L,H,A
116,116.0,116,5uea,L,H,D
612,612.0,612,7nx3,D,E,A
26,,26,8euq,C,D,A
152,152.0,152,4d9r,L,H,A
525,525.0,525,6xsn,L,H,C
113,113.0,113,3mj9,L,H,A
180,180.0,180,7b3o,L,H,E
34,34.0,34,3dvn,A,B,Y;X
79,,79,8djk,L,H,B
91,,91,6z7w,C,D,K
12,12.0,12,1jhl,L,H,A
504,504.0,504,6wh9,F,E,D
182,,182,5dhv,L,H,M
440,,440,4lsv,L,H,G
46,46.0,46,2bdn,L,H,A
238,238.0,238,4ypg,L,H,D
524,524.0,524,6xq0,C,B,A
359,,359,7kew,G,J,A
535,535.0,535,6zvf,L,H,P
9,,9,1e6j,L,H,P
117,117.0,117,5vlp,L,H,A
212,212.0,212,7s0x,D,C,F
226,,226,1i9r,K,M,B
203,203.0,203,7mf1,L,H,A
361,361.0,361,6c6z,L,H,B
442,442.0,442,6nyq,L,H,C
16,16.0,16,1lk3,M,I,B
121,,121,5u8q,L,H,A
431,431.0,431,6mto,L,H,T
361,,361,3ffd,B,A,P
325,325.0,325,5whk,L,H,A;B
263,263.0,263,5en2,B,A,C
130,130.0,130,3sdy,L,H,B;A
633,633.0,633,7rd3,L,H,D
25,25.0,25,1ors,A,B,C
463,463.0,463,6pdu,L,H,C
194,,194,6vtt,L,H,G
22,22.0,22,2qhr,L,H,P
265,,265,7tfn,J,I,B
447,447.0,447,6o3b,E,G,H
540,540.0,540,7bep,F,D,C
14,,14,8cxc,L,H,M
173,173.0,173,6xpx,C,B,A
300,300.0,300,5tkj,K,J,L
532,,532,2qql,L,H,A
120,120.0,120,3nh7,O,K,D
202,,202,4r9y,N,M,A
73,73.0,73,2vh5,L,H,R
109,,109,7oh1,D,E,A
388,388.0,388,6flc,A,B,I
456,,456,6ln2,C,B,A
543,543.0,543,7bwj,L,H,E
214,214.0,214,4q0x,L,H,E
83,83.0,83,3b9k,L,H,B
309,,309,3kj4,L,H,A
142,,142,4ki5_2,D,C,M
555,555.0,555,7dc8,A,B,C
276,276.0,276,5gjs,L,H,B;A
375,375.0,375,6dc9,L,H,P
340,340.0,340,5ye4,B,A,E
597,597.0,597,7msq,E,D,B
192,192.0,192,7eam,L,H,A
68,,68,2oqj,G,H,I
156,156.0,156,4dw2,L,H,U
488,,488,1ynt,C,D,G
624,624.0,624,7ps2,L,H,G
16,,16,8ejj,L,H,c
68,,68,7zlk,L,H,D
173,173.0,173,4hlz,J,I,D;C
155,155.0,155,4dtg,L,H,K
582,582.0,582,7lcv,B,A,C
237,,237,7q6c,L,H,A
61,61.0,61,2mpa,L,H,P
1,,1,8tco,D,E,B
208,,208,5vob,L,H,D
166,166.0,166,6was,B,A,G
477,477.0,477,6r8x,B,C,A
372,372.0,372,6d0x,B,A,C
50,50.0,50,2eh8,L,H,P
456,456.0,456,6oy4,C,D,A
290,290.0,290,5mp5,B,A,K
137,137.0,137,3u4e,L,H,G
523,,523,6u6u,L,H,R
441,,441,4r4h,L,H,A
165,165.0,165,6vry,L,H,G
321,,321,3jau,L,H,A
367,367.0,367,6cw2,B,A,D;C
485,,485,3v7a,H,E,A
552,552.0,552,7cr5,L,H,A
209,,209,6bpe,F,E,D
409,409.0,409,6ldv,L,H,P
448,448.0,448,6o42,L,H,G
207,,207,6iec,J,K,I
419,419.0,419,6mft,B,A,C
209,209.0,209,4oii,M,I,B
169,169.0,169,4hc1,N,M,B
419,,419,7rxc,L,H,B
499,,499,6ad0,L,H,A
54,54.0,54,2hfg,L,H,R
460,460.0,460,6pbw,C,D,E
185,185.0,185,7ceb,D,C,B
198,198.0,198,4lsu,L,H,G
579,579.0,579,7kql,L,H,T
507,507.0,507,6wmw,L,H,B
208,208.0,208,7phu,C,B,A
427,427.0,427,6mqe,B,A,D
22,22.0,22,1nl0,L,H,G
468,,468,3fmg,L,H,A
423,,423,3r08,L,H,E
465,,465,3v4p,L,H,B
515,515.0,515,6x8q,L,H,P
650,650.0,650,7wkx,C,A,F
103,,103,6pz8,C,G,J
42,42.0,42,2adf,L,H,A
253,253.0,253,5czx,L,H,A
349,349.0,349,6azz,E,F,D
511,,511,7ncs,L,H,A
214,214.0,214,7tow,L,H,E
353,,353,7v61,I,M,D
17,17.0,17,2b1h,L,H,P
218,218.0,218,4r8w,L,H,B;A
38,,38,7zmk,C,B,D
62,,62,7zxk,L,H,C
391,391.0,391,6h06,F,E,J
25,,25,8dn7,H,D,E
149,149.0,149,6o2b,P,O,L;M
94,,94,3nps,C,B,A
331,,331,7vyt,C,B,A
20,20.0,20,1nca,L,H,N
177,177.0,177,4ht1,L,H,T
429,429.0,429,6mtj,E,D,B
359,359.0,359,6bzw,D,C,I
171,,171,2jix,L,H,E
215,215.0,215,7tp3,L,H,Z
278,278.0,278,5gzo,D,C,B
153,153.0,153,4dke,M,I,B
500,,500,1fns,L,H,A
4,,4,8byu,L,H,A
266,266.0,266,5eor,L,H,A
406,406.0,406,6ktr,B,A,C
362,,362,6bp2,L,H,A
434,,434,6wdt,L,H,A
299,,299,7bbj,N,M,B
227,,227,7sn3,F,G,B
185,,185,5o6v,L,H,B
629,629.0,629,7qu2,B,A,C
480,480.0,480,6ss2,L,H,A
49,49.0,49,2cmr,L,H,A
163,163.0,163,6vc9,L,H,A
222,222.0,222,4tqe,L,H,A
199,199.0,199,7kpg,L,H,S
247,247.0,247,4zso,C,D,F
19,19.0,19,1nak,L,H,P
623,623.0,623,7ps1,B,A,E
52,52.0,52,2gsi,A,B,W
280,280.0,280,5if0,B,A,I
533,,533,7kra,J,I,A
627,627.0,627,7qnw,B,A,E
219,,219,5h35,I,H,D
302,,302,6b0n,D,E,G
590,590.0,590,7lr3,B,A,C
387,387.0,387,6flb,L,H,G
289,,289,6lhq,L,H,A
166,,166,5umi,B,A,C
328,328.0,328,5wux,D,C,G
30,30.0,30,1rjl,A,B,C
415,,415,3lev,L,H,A
546,546.0,546,7c88,B,A,C
201,201.0,201,7lr4,B,A,C
471,471.0,471,6plk,L,H,E
333,333.0,333,5xcu,E,D,F
41,41.0,41,2a6k,L,H,P
69,,69,7srs,Q,P,R
8,,8,1g9n,L,H,G
482,482.0,482,6t9e,B,A,C
578,578.0,578,7kqg,C,B,A
10,,10,1him,H,L,P
94,,94,6nms,B,A,C
550,,550,2uzi,L,H,R
266,,266,6lhp,L,H,C
110,110.0,110,5occ,L,H,A
289,289.0,289,5lcv,L,H,A;B
10,10.0,10,1mlc,A,B,E
29,29.0,29,2ybr,H,G,I
615,615.0,615,7o2z,L,H,P
11,,11,1i8k,A,B,C
515,,515,7mjs,L,H,X
140,,140,4k3j,L,H,B
229,229.0,229,4xvj,L,H,A
80,,80,7u9g,G,D,B
133,133.0,133,6fy0,M,I,A
231,231.0,231,4xvu,D,C,B
124,,124,7l7r,B,A,G
263,,263,4r0l,L,H,D
212,212.0,212,4p9h,L,H,G
221,,221,6m58,C,D,B
256,,256,7mlh,C,A,F
357,,357,5yhl,L,H,A
148,148.0,148,4ag4,L,H,A
330,330.0,330,5x0t,B,A,E
524,,524,5tpn,L,H,A
139,139.0,139,3v6o,E,C,A
529,529.0,529,6ye3,E,D,F
527,527.0,527,6xzw,L,H,D
343,,343,6i3z,L,H,A
157,,157,4ogy,L,H,A
535,,535,7c80,L,H,A
72,,72,7w71,L,H,A
159,159.0,159,4f2m,D,C,F
57,57.0,57,2hrp,L,H,P
211,211.0,211,4p3c,L,H,M
511,511.0,511,6wzk,B,A,E
52,,52,3gbm,L,H,B
310,310.0,310,5ukr,L,H,G
58,,58,7r58,L,H,A
537,,537,3s88,L,H,J
367,,367,6xqw,L,H,E
8,8.0,8,1fsk,H,I,G
463,,463,6wio,B,A,C
40,40.0,40,1yqv,L,H,Y
561,561.0,561,7e72,B,A,E
51,,51,7ox4,B,A,C
357,357.0,357,6bli,E,D,F
408,408.0,408,6kx1,B,A,C
337,,337,7ket,B,A,C
99,,99,3q3g,C,D,G;E
23,,23,7yru,L,H,A
272,,272,7rt9,C,D,Z
539,,539,6t3f,L,H,F
513,,513,6meh,L,H,C
366,366.0,366,6ct7,L,H,S
8,,8,7zoz,L,H,A
402,402.0,402,6j11,G,F,B
522,522.0,522,6xli,B,A,E
210,210.0,210,4ot1,L,H,A
421,,421,7jr7,C,D,B
250,,250,6kz0,I,H,G
40,,40,8df1,N,M,B
130,130.0,130,6bzu,H,G,L
33,,33,1nsn,L,H,S
424,,424,4hwb,L,H,A
599,599.0,599,7mzf,L,H,A
136,,136,6y9b,J,N,B
207,207.0,207,4o58,L,H,A
202,202.0,202,4m1d,M,I,Q
355,,355,1uj3,B,A,C
452,452.0,452,6okm,L,H,R
207,207.0,207,7ora,L,H,C
121,121.0,121,5wb9,L,H,G
59,,59,7s1b,L,H,A
234,,234,6pwu,L,H,A
455,455.0,455,6osv,L,H,K
572,572.0,572,7kez,L,H,V
432,432.0,432,6mtp,L,H,P
272,272.0,272,5fcu,L,H,G
167,167.0,167,4h88,L,H,A
8,8.0,8,1i8i,A,B,C
6,,6,8dul,L,H,A
199,199.0,199,4lu5,M,I,A
203,,203,5esv,L,H,G
209,209.0,209,7ps0,L,H,E
292,292.0,292,5nuz,L,H,D
7,,7,8dun,L,H,G
383,383.0,383,6elu,L,K,J
398,398.0,398,6iea,L,H,A
552,,552,2yc1,B,A,C
508,508.0,508,6wo3,L,H,E
164,164.0,164,4g3y,L,H,C
269,269.0,269,5f3b,F,E,D
298,298.0,298,5th9,N,J,C
547,547.0,547,7cdi,L,H,E
350,350.0,350,6b0a,L,H,A
523,523.0,523,6xlz,L,H,P;A
400,,400,6p67,F,E,G
373,,373,6p65,L,H,A
156,156.0,156,6q20,L,H,A
379,,379,3ubx,L,H,A
127,127.0,127,6b0h,C,D,I
181,181.0,181,4jo1,L,H,P
37,,37,8hs2,C,B,R
510,510.0,510,6wtu,I,H,G
417,,417,4ybq,C,D,B
383,,383,3zkm,L,H,A
172,,172,6aj7,L,H,C
167,167.0,167,6wgl,B,A,C
322,322.0,322,5vxr,L,H,P
41,,41,8dg8,L,H,B
169,169.0,169,6wo5,D,C,F
4,4.0,4,1eo8,L,H,A
460,,460,5nmv,L,H,K
177,177.0,177,6z2m,C,B,A
24,,24,7zqt,C,D,A
531,,531,3tt3,L,H,A
365,,365,7dfp,C,B,A
494,494.0,494,6vgr,D,C,A
15,,15,1mhp,L,H,A
295,,295,6vx4,K,H,F
621,621.0,621,7pi7,F,E,D
371,371.0,371,6cyf,E,F,B
490,,490,4kvn,L,H,A
550,550.0,550,7cho,L,H,E
608,608.0,608,7n4i,L,H,C
329,,329,4r2g,N,M,A
150,150.0,150,4cmh,C,B,A
99,,99,3ks0,J,K,A
336,336.0,336,5xmh,L,H,A
49,49.0,49,3qa3,A,B,E
5,,5,8dmj,D,E,C
71,,71,7tuf,L,H,D
481,481.0,481,6ss4,L,H,A
326,,326,7so5,L,H,A
63,,63,8dua,L,H,B
536,,536,6ko5,L,H,A
337,337.0,337,5xxy,L,H,A
311,,311,7d3k,L,H,2
418,,418,6l62,L,H,A
76,,76,8a1e,D,E,A
424,424.0,424,6mnq,L,H,P
48,,48,8hc7,L,H,C
518,518.0,518,6xcj,L,H,G
145,145.0,145,6mfp,L,H,G
135,,135,5lsp,L,H,A
465,465.0,465,6pec,L,H,A
362,362.0,362,6cbv,L,H,B
189,,189,5hbt,C,D,B
27,,27,7ur6,L,H,B
32,,32,7lx2,L,H,A
386,386.0,386,6fgb,L,H,A;B
484,484.0,484,6u36,L,H,B
492,492.0,492,6vbq,F,E,J
327,327.0,327,5wt9,L,H,G
206,206.0,206,7o31,L,H,P
481,,481,6x4t,F,D,A
581,581.0,581,7l7e,U,T,b
454,454.0,454,6osh,L,H,K
617,617.0,617,7o52,L,H,U
39,,39,8ath,F,E,B
72,,72,4ers,L,H,A
277,,277,3w2d,L,H,A
446,446.0,446,6o25,B,A,D;G
155,155.0,155,6q18,L,H,A
17,,17,8slb,L,H,A
184,184.0,184,7c94,A,B,C
454,,454,1ct8,B,A,D
45,,45,7tn9,B,A,U
542,,542,7k7h,L,H,A
54,,54,2b0s,L,H,P
81,,81,7ura,L,H,A
131,,131,4hkx,B,A,E
275,,275,6mlm,I,E,A
107,107.0,107,3kr3,L,H,D
346,346.0,346,6aod,A,B,C
112,,112,7lex,P,R,J
100,100.0,100,5kan,L,H,B;C
226,226.0,226,4wv1,A,B,C
636,636.0,636,7rnj,L,H,B
39,39.0,39,1yjd,L,H,C
3,,3,1bgx,L,H,T
246,246.0,246,4zs7,L,H,A
54,,54,8ddk,B,A,C
131,131.0,131,6db7,M,I,Q
152,152.0,152,6pds,A,B,C
545,,545,1tqb,C,B,A
594,594.0,594,7m7w,D,C,S
170,,170,5c0r,L,H,A
461,,461,5xjm,L,H,A
123,123.0,123,3pgf,L,H,A
82,,82,3cvh,L,H,A;C
344,344.0,344,6a77,L,H,A
187,,187,6t3j,C,D,E
386,,386,6m3c,J,K,G
120,,120,4dn4,L,H,M
98,,98,6s3t,N,M,A
569,569.0,569,7jtg,B,A,E
450,,450,5xbm,D,E,F
42,,42,1tji,L,H,P
378,,378,3j1s,L,H,A
111,111.0,111,5ocy,L,H,C
308,308.0,308,5uem,L,H,G
500,500.0,500,6wfy,L,H,P
274,,274,6xxv,B,A,C
409,,409,5jz7,L,H,B
505,505.0,505,6whk,B,C,A
228,,228,5i6x,C,B,A
547,,547,2q8b,L,H,A
320,320.0,320,5vkd,L,H,A
4,4.0,4,1e4x,L,H,P
232,,232,7bsd,L,H,I
42,,42,8hpj,C,B,A
141,141.0,141,6ldw,L,H,C
10,,10,8e1m,L,H,C
181,,181,6k7o,F,G,R
14,,14,1frg,L,H,P
156,,156,5w4l,D,E,G
171,171.0,171,6xlq,F,E,D
86,,86,7bh8,G,H,A
129,129.0,129,3s35,L,H,X
290,,290,6h3u,I,M,A
158,,158,3jcx,L,H,A
115,,115,4ala,L,H,C
514,514.0,514,6x7w,C,A,D
614,614.0,614,7nxa,B,A,E
51,51.0,51,2g5b,C,D,J
36,36.0,36,1xgq,A,B,C
516,,516,6r2s,B,A,C
251,,251,6cwt,C,D,F
346,,346,4oqt,L,H,A
295,295.0,295,5otj,L,H,C
188,188.0,188,4jzo,H,G,L
31,31.0,31,1sm3,L,H,P
115,115.0,115,5u3o,L,H,A
334,334.0,334,5xez,L,H,B
600,600.0,600,7mzg,L,H,A
236,,236,6umx,L,H,A
486,486.0,486,6ule,B,A,I
392,392.0,392,6h2y,L,H,D
526,526.0,526,6xsw,B,A,C
74,,74,7usl,L,H,C
499,499.0,499,6wfx,L,H,P
176,,176,5b3j,F,E,C
610,610.0,610,7neg,L,H,E
193,193.0,193,4kxz,M,N,E
67,67.0,67,2qqk,L,H,A
580,580.0,580,7kyo,L,H,B
47,,47,8epa,L,H,I
178,178.0,178,4ij3,B,C,A
44,,44,2vdk,L,H,A
632,632.0,632,7rco,E,F,A
344,,344,5ob5,L,H,A
213,213.0,213,7s4s,L,H,A
69,69.0,69,2r0z,L,H,Q
303,,303,6w16,L,H,F
15,15.0,15,1kc5,L,H,P
221,221.0,221,4rwy,L,H,A
44,44.0,44,2arj,L,H,Q
604,604.0,604,7n08,L,H,F
487,487.0,487,6uoe,L,H,P
274,274.0,274,5ggt,L,H,A
224,,224,3rhw,F,N,B
319,319.0,319,5vjq,D,C,J
504,,504,6n4q,J,I,A
271,,271,5wk3,W,V,D
56,56.0,56,2hmi,C,D,B
420,,420,7k9j,L,H,A
444,444.0,444,6o23,D,C,E
197,,197,3u9u,B,A,F
146,,146,4iof,F,E,B
153,,153,4g80,G,H,I
400,400.0,400,6iek,C,B,A
118,,118,5y9f,O,P,C
355,355.0,355,6bfs,L,H,C
157,,157,5d1q,B,A,E
570,570.0,570,7jwp,L,K,V
564,564.0,564,7e9b,L,H,C
374,374.0,374,6dc8,L,H,P
307,,307,6cnj,F,G,C
384,,384,7c4s,J,K,B
373,373.0,373,6d2p,L,H,C
136,136.0,136,6j14,B,A,G
85,,85,4lst,L,H,G
297,297.0,297,5tfw,L,H,O
230,230.0,230,4xvt,L,H,G
53,,53,2ap2,C,D,Q
162,,162,5c8j,B,A,I
509,509.0,509,6wo4,L,H,E
119,,119,6z3p,L,H,C
585,585.0,585,7lfb,L,H,X
317,,317,7llk,G,H,E
235,,235,4idj,L,H,A
141,141.0,141,3vi3,E,F,B
88,,88,3ld8,B,C,A
497,497.0,497,6vvu,K,J,B
1,1.0,1,1bj1,L,H,W
193,193.0,193,7jmp,L,H,A
63,,63,3mlr,L,H,P
76,,76,2xtj,B,D,A
522,,522,1kcr,L,H,P
92,92.0,92,3eyf,A,B,E
303,303.0,303,5tz2,L,H,C
38,38.0,38,1xiw,G,H,E;B
240,,240,3p30,L,H,A
620,620.0,620,7phw,F,E,D
13,,13,1kb9,K,J,E
117,117.0,117,3mxw,L,H,A
459,,459,1rvf,L,H,1
84,,84,3gjf,L,H,A;C
244,,244,4nnp,L,H,A
345,345.0,345,6al5,L,H,A
14,14.0,14,1jrh,L,H,I
421,421.0,421,6mhr,B,A,C
200,,200,5u3m,L,H,A
495,495.0,495,6vjn,L,H,G;F
237,237.0,237,4ye4,L,H,G
350,,350,7sfv,N,M,B
23,23.0,23,1oaz,L,H,A
46,,46,8db4,B,A,E
332,,332,6pv7,F,G,D
78,,78,3b2u,X,W,V
205,205.0,205,7nab,B,A,D
93,,93,3hi6,L,H,A
15,15.0,15,1u8h,A,B,C
277,277.0,277,5gmq,C,B,A
103,103.0,103,5lqb,L,H,A
114,,114,7lk4,F,E,P
622,622.0,622,7pqy,L,H,E
583,583.0,583,7lf8,L,H,A
375,,375,6avq,L,H,B
195,,195,2i9l,F,E,K
356,356.0,356,6bkb,L,H,E
24,24.0,24,1ob1,A,B,C
568,568.0,568,7jkt,L,H,G
380,380.0,380,6e3h,L,H,B;A
12,12.0,12,1oak,L,H,A
493,493.0,493,6vep,P,O,Q
293,,293,5ywo,N,M,C
450,450.0,450,6ogx,D,C,G
233,,233,5w3e,G,E,B
183,183.0,183,4jpv,L,H,G
410,,410,6ukj,L,H,A
110,110.0,110,3lex,L,H,P
437,437.0,437,6n81,L,H,A
575,575.0,575,7kmi,B,A,C
163,163.0,163,4fqj,L,H,A
202,202.0,202,7mdp,I,H,A
382,,382,2zjs,L,H,Y
